k,evaluated_orders,precision_at_k,recall_at_k,hit_rate_at_k,mrr_at_k,mean_candidate_cross_entropy,catalog_coverage_at_k,model,weight_copurchase,weight_product2vec,weight_adamic_adar,random_seed,training_start,training_end,evaluation_start,evaluation_end,training_statuses,graph_weighting,edge_threshold,half_life_months,product2vec_config,blend_weights,metadata_weights,evaluation_k,weighting,min_pair_count,ranking,graph_nodes,graph_edges,connected_nodes
10.0,76.0,0.02763157894736842,0.27631578947368424,0.27631578947368424,0.16754385964912283,19.90426871031816,0.0954763393787784,graph_candidate,0.4,0.6,0.0,42,2019-04-15 09:32:57,2024-07-13 13:56:34,2024-07-14 04:52:44,2025-08-21 06:48:08,wc-cancelled | wc-completed | wc-failed | wc-pending | wc-pickup | wc-ready-pickup | wc-refunded,cosine,1,,"{""epochs"": 2, ""learning_rate"": 0.05, ""n_components"": 48, ""negative_samples"": 2, ""p"": 1.0, ""q"": 1.0, ""walk_length"": 8, ""walks_per_node"": 2, ""window_size"": 3}","{""adamic_adar"": 0.0, ""copurchase"": 0.4, ""product2vec"": 0.6}","{""Κατηγορίες προϊόντων"": 0.35, ""Μάρκες"": 0.2, ""Προϊόν Ήρωας"": 0.15, ""Προϊόν Ηλικία"": 0.25, ""Προϊόν Φύλλο"": 0.05}",10,cosine,1,graph,4797,6971,3307
10.0,76.0,0.003947368421052632,0.039473684210526314,0.039473684210526314,0.03289473684210526,26.69265727014812,0.017927871586408173,graph_candidate,0.4,0.6,0.0,42,2019-04-15 09:32:57,2024-07-13 13:56:34,2024-07-14 04:52:44,2025-08-21 06:48:08,wc-cancelled | wc-completed | wc-failed | wc-pending | wc-pickup | wc-ready-pickup | wc-refunded,cosine,2,,"{""epochs"": 2, ""learning_rate"": 0.05, ""n_components"": 48, ""negative_samples"": 2, ""p"": 1.0, ""q"": 1.0, ""walk_length"": 8, ""walks_per_node"": 2, ""window_size"": 3}","{""adamic_adar"": 0.0, ""copurchase"": 0.4, ""product2vec"": 0.6}","{""Κατηγορίες προϊόντων"": 0.35, ""Μάρκες"": 0.2, ""Προϊόν Ήρωας"": 0.15, ""Προϊόν Ηλικία"": 0.25, ""Προϊόν Φύλλο"": 0.05}",10,cosine,2,graph,4797,257,268
10.0,76.0,0.003947368421052632,0.039473684210526314,0.039473684210526314,0.039473684210526314,26.672824376618248,0.004586199708150928,graph_candidate,0.4,0.6,0.0,42,2019-04-15 09:32:57,2024-07-13 13:56:34,2024-07-14 04:52:44,2025-08-21 06:48:08,wc-cancelled | wc-completed | wc-failed | wc-pending | wc-pickup | wc-ready-pickup | wc-refunded,cosine,3,,"{""epochs"": 2, ""learning_rate"": 0.05, ""n_components"": 48, ""negative_samples"": 2, ""p"": 1.0, ""q"": 1.0, ""walk_length"": 8, ""walks_per_node"": 2, ""window_size"": 3}","{""adamic_adar"": 0.0, ""copurchase"": 0.4, ""product2vec"": 0.6}","{""Κατηγορίες προϊόντων"": 0.35, ""Μάρκες"": 0.2, ""Προϊόν Ήρωας"": 0.15, ""Προϊόν Ηλικία"": 0.25, ""Προϊόν Φύλλο"": 0.05}",10,cosine,3,graph,4797,50,66
10.0,76.0,0.02763157894736842,0.27631578947368424,0.27631578947368424,0.15940893901420217,20.51232465279789,0.09651865749426725,graph_candidate,0.4,0.6,0.0,42,2019-04-15 09:32:57,2024-07-13 13:56:34,2024-07-14 04:52:44,2025-08-21 06:48:08,wc-cancelled | wc-completed | wc-failed | wc-pending | wc-pickup | wc-ready-pickup | wc-refunded,jaccard,1,,"{""epochs"": 2, ""learning_rate"": 0.05, ""n_components"": 48, ""negative_samples"": 2, ""p"": 1.0, ""q"": 1.0, ""walk_length"": 8, ""walks_per_node"": 2, ""window_size"": 3}","{""adamic_adar"": 0.0, ""copurchase"": 0.4, ""product2vec"": 0.6}","{""Κατηγορίες προϊόντων"": 0.35, ""Μάρκες"": 0.2, ""Προϊόν Ήρωας"": 0.15, ""Προϊόν Ηλικία"": 0.25, ""Προϊόν Φύλλο"": 0.05}",10,jaccard,1,graph,4797,6971,3307
10.0,76.0,0.003947368421052632,0.039473684210526314,0.039473684210526314,0.039473684210526314,26.6923577394834,0.01813633520950594,graph_candidate,0.4,0.6,0.0,42,2019-04-15 09:32:57,2024-07-13 13:56:34,2024-07-14 04:52:44,2025-08-21 06:48:08,wc-cancelled | wc-completed | wc-failed | wc-pending | wc-pickup | wc-ready-pickup | wc-refunded,jaccard,2,,"{""epochs"": 2, ""learning_rate"": 0.05, ""n_components"": 48, ""negative_samples"": 2, ""p"": 1.0, ""q"": 1.0, ""walk_length"": 8, ""walks_per_node"": 2, ""window_size"": 3}","{""adamic_adar"": 0.0, ""copurchase"": 0.4, ""product2vec"": 0.6}","{""Κατηγορίες προϊόντων"": 0.35, ""Μάρκες"": 0.2, ""Προϊόν Ήρωας"": 0.15, ""Προϊόν Ηλικία"": 0.25, ""Προϊόν Φύλλο"": 0.05}",10,jaccard,2,graph,4797,257,268
10.0,76.0,0.003947368421052632,0.039473684210526314,0.039473684210526314,0.039473684210526314,26.67292814967003,0.004586199708150928,graph_candidate,0.4,0.6,0.0,42,2019-04-15 09:32:57,2024-07-13 13:56:34,2024-07-14 04:52:44,2025-08-21 06:48:08,wc-cancelled | wc-completed | wc-failed | wc-pending | wc-pickup | wc-ready-pickup | wc-refunded,jaccard,3,,"{""epochs"": 2, ""learning_rate"": 0.05, ""n_components"": 48, ""negative_samples"": 2, ""p"": 1.0, ""q"": 1.0, ""walk_length"": 8, ""walks_per_node"": 2, ""window_size"": 3}","{""adamic_adar"": 0.0, ""copurchase"": 0.4, ""product2vec"": 0.6}","{""Κατηγορίες προϊόντων"": 0.35, ""Μάρκες"": 0.2, ""Προϊόν Ήρωας"": 0.15, ""Προϊόν Ηλικία"": 0.25, ""Προϊόν Φύλλο"": 0.05}",10,jaccard,3,graph,4797,50,66
10.0,76.0,0.025,0.25,0.25,0.14024122807017544,20.523754980667047,0.09735251198665833,graph_candidate,0.4,0.6,0.0,42,2019-04-15 09:32:57,2024-07-13 13:56:34,2024-07-14 04:52:44,2025-08-21 06:48:08,wc-cancelled | wc-completed | wc-failed | wc-pending | wc-pickup | wc-ready-pickup | wc-refunded,lift,1,,"{""epochs"": 2, ""learning_rate"": 0.05, ""n_components"": 48, ""negative_samples"": 2, ""p"": 1.0, ""q"": 1.0, ""walk_length"": 8, ""walks_per_node"": 2, ""window_size"": 3}","{""adamic_adar"": 0.0, ""copurchase"": 0.4, ""product2vec"": 0.6}","{""Κατηγορίες προϊόντων"": 0.35, ""Μάρκες"": 0.2, ""Προϊόν Ήρωας"": 0.15, ""Προϊόν Ηλικία"": 0.25, ""Προϊόν Φύλλο"": 0.05}",10,lift,1,graph,4797,6971,3307
10.0,76.0,0.003947368421052632,0.039473684210526314,0.039473684210526314,0.02412280701754386,26.698990560241267,0.01855326245570148,graph_candidate,0.4,0.6,0.0,42,2019-04-15 09:32:57,2024-07-13 13:56:34,2024-07-14 04:52:44,2025-08-21 06:48:08,wc-cancelled | wc-completed | wc-failed | wc-pending | wc-pickup | wc-ready-pickup | wc-refunded,lift,2,,"{""epochs"": 2, ""learning_rate"": 0.05, ""n_components"": 48, ""negative_samples"": 2, ""p"": 1.0, ""q"": 1.0, ""walk_length"": 8, ""walks_per_node"": 2, ""window_size"": 3}","{""adamic_adar"": 0.0, ""copurchase"": 0.4, ""product2vec"": 0.6}","{""Κατηγορίες προϊόντων"": 0.35, ""Μάρκες"": 0.2, ""Προϊόν Ήρωας"": 0.15, ""Προϊόν Ηλικία"": 0.25, ""Προϊόν Φύλλο"": 0.05}",10,lift,2,graph,4797,257,268
10.0,76.0,0.003947368421052632,0.039473684210526314,0.039473684210526314,0.03289473684210526,26.67854591341072,0.004586199708150928,graph_candidate,0.4,0.6,0.0,42,2019-04-15 09:32:57,2024-07-13 13:56:34,2024-07-14 04:52:44,2025-08-21 06:48:08,wc-cancelled | wc-completed | wc-failed | wc-pending | wc-pickup | wc-ready-pickup | wc-refunded,lift,3,,"{""epochs"": 2, ""learning_rate"": 0.05, ""n_components"": 48, ""negative_samples"": 2, ""p"": 1.0, ""q"": 1.0, ""walk_length"": 8, ""walks_per_node"": 2, ""window_size"": 3}","{""adamic_adar"": 0.0, ""copurchase"": 0.4, ""product2vec"": 0.6}","{""Κατηγορίες προϊόντων"": 0.35, ""Μάρκες"": 0.2, ""Προϊόν Ήρωας"": 0.15, ""Προϊόν Ηλικία"": 0.25, ""Προϊόν Φύλλο"": 0.05}",10,lift,3,graph,4797,50,66
10.0,76.0,0.030263157894736843,0.3026315789473684,0.3026315789473684,0.17763157894736842,19.57893999722978,0.0948509485094851,graph_candidate,0.4,0.6,0.0,42,2019-04-15 09:32:57,2024-07-13 13:56:34,2024-07-14 04:52:44,2025-08-21 06:48:08,wc-cancelled | wc-completed | wc-failed | wc-pending | wc-pickup | wc-ready-pickup | wc-refunded,cosine,1,,"{""epochs"": 2, ""learning_rate"": 0.05, ""n_components"": 48, ""negative_samples"": 2, ""p"": 1.0, ""q"": 1.0, ""walk_length"": 8, ""walks_per_node"": 2, ""window_size"": 3}","{""adamic_adar"": 0.0, ""copurchase"": 0.4, ""product2vec"": 0.6}","{""Κατηγορίες προϊόντων"": 0.35, ""Μάρκες"": 0.2, ""Προϊόν Ήρωας"": 0.15, ""Προϊόν Ηλικία"": 0.25, ""Προϊόν Φύλλο"": 0.05}",10,cosine,1,confidence,4797,6971,3307
