k,evaluated_orders,precision_at_k,recall_at_k,hit_rate_at_k,mrr_at_k,mean_candidate_cross_entropy,catalog_coverage_at_k,model,weight_copurchase,weight_product2vec,weight_adamic_adar,weight_metadata,random_seed,training_start,training_end,evaluation_start,evaluation_end,training_statuses,graph_weighting,edge_threshold,half_life_months,product2vec_config,blend_weights,metadata_weights,evaluation_k
10.0,76.0,0.031578947368421054,0.3157894736842105,0.3157894736842105,0.1599206349206349,13.909939108895099,0.10715030227225349,heterogeneous_weight_candidate,0.0,0.3,0.4,0.3,42,2019-04-15 09:32:57,2024-07-13 13:56:34,2024-07-14 04:52:44,2025-08-21 06:48:08,wc-cancelled | wc-completed | wc-failed | wc-pending | wc-pickup | wc-ready-pickup | wc-refunded,cosine,1,6.0,"{""epochs"": 2, ""learning_rate"": 0.05, ""n_components"": 48, ""negative_samples"": 2, ""p"": 1.0, ""q"": 1.0, ""random_state"": 42, ""walk_length"": 8, ""walks_per_node"": 2, ""window_size"": 3}","{""adamic_adar"": 0.4, ""copurchase"": 0.0, ""metadata"": 0.3, ""product2vec"": 0.3}","{""Κατηγορίες προϊόντων"": 0.35, ""Μάρκες"": 0.2, ""Προϊόν Ήρωας"": 0.15, ""Προϊόν Ηλικία"": 0.25, ""Προϊόν Φύλλο"": 0.05}",10
10.0,76.0,0.02894736842105263,0.2894736842105263,0.2894736842105263,0.18475877192982457,15.108567258826081,0.1111111111111111,heterogeneous_weight_candidate,0.0,0.4,0.3,0.3,42,2019-04-15 09:32:57,2024-07-13 13:56:34,2024-07-14 04:52:44,2025-08-21 06:48:08,wc-cancelled | wc-completed | wc-failed | wc-pending | wc-pickup | wc-ready-pickup | wc-refunded,cosine,1,6.0,"{""epochs"": 2, ""learning_rate"": 0.05, ""n_components"": 48, ""negative_samples"": 2, ""p"": 1.0, ""q"": 1.0, ""random_state"": 42, ""walk_length"": 8, ""walks_per_node"": 2, ""window_size"": 3}","{""adamic_adar"": 0.3, ""copurchase"": 0.0, ""metadata"": 0.3, ""product2vec"": 0.4}","{""Κατηγορίες προϊόντων"": 0.35, ""Μάρκες"": 0.2, ""Προϊόν Ήρωας"": 0.15, ""Προϊόν Ηλικία"": 0.25, ""Προϊόν Φύλλο"": 0.05}",10
10.0,76.0,0.02763157894736842,0.27631578947368424,0.27631578947368424,0.1625,16.040467647796326,0.10944340212632896,heterogeneous_weight_candidate,0.0,0.4,0.4,0.2,42,2019-04-15 09:32:57,2024-07-13 13:56:34,2024-07-14 04:52:44,2025-08-21 06:48:08,wc-cancelled | wc-completed | wc-failed | wc-pending | wc-pickup | wc-ready-pickup | wc-refunded,cosine,1,6.0,"{""epochs"": 2, ""learning_rate"": 0.05, ""n_components"": 48, ""negative_samples"": 2, ""p"": 1.0, ""q"": 1.0, ""random_state"": 42, ""walk_length"": 8, ""walks_per_node"": 2, ""window_size"": 3}","{""adamic_adar"": 0.4, ""copurchase"": 0.0, ""metadata"": 0.2, ""product2vec"": 0.4}","{""Κατηγορίες προϊόντων"": 0.35, ""Μάρκες"": 0.2, ""Προϊόν Ήρωας"": 0.15, ""Προϊόν Ηλικία"": 0.25, ""Προϊόν Φύλλο"": 0.05}",10
10.0,76.0,0.030263157894736843,0.3026315789473684,0.3026315789473684,0.19780701754385965,16.30858850948344,0.11090264748801335,heterogeneous_weight_candidate,0.0,0.5,0.2,0.3,42,2019-04-15 09:32:57,2024-07-13 13:56:34,2024-07-14 04:52:44,2025-08-21 06:48:08,wc-cancelled | wc-completed | wc-failed | wc-pending | wc-pickup | wc-ready-pickup | wc-refunded,cosine,1,6.0,"{""epochs"": 2, ""learning_rate"": 0.05, ""n_components"": 48, ""negative_samples"": 2, ""p"": 1.0, ""q"": 1.0, ""random_state"": 42, ""walk_length"": 8, ""walks_per_node"": 2, ""window_size"": 3}","{""adamic_adar"": 0.2, ""copurchase"": 0.0, ""metadata"": 0.3, ""product2vec"": 0.5}","{""Κατηγορίες προϊόντων"": 0.35, ""Μάρκες"": 0.2, ""Προϊόν Ήρωας"": 0.15, ""Προϊόν Ηλικία"": 0.25, ""Προϊόν Φύλλο"": 0.05}",10
10.0,76.0,0.02763157894736842,0.27631578947368424,0.27631578947368424,0.17521929824561402,16.03213907156556,0.10986032937252449,heterogeneous_weight_candidate,0.0,0.5,0.3,0.2,42,2019-04-15 09:32:57,2024-07-13 13:56:34,2024-07-14 04:52:44,2025-08-21 06:48:08,wc-cancelled | wc-completed | wc-failed | wc-pending | wc-pickup | wc-ready-pickup | wc-refunded,cosine,1,6.0,"{""epochs"": 2, ""learning_rate"": 0.05, ""n_components"": 48, ""negative_samples"": 2, ""p"": 1.0, ""q"": 1.0, ""random_state"": 42, ""walk_length"": 8, ""walks_per_node"": 2, ""window_size"": 3}","{""adamic_adar"": 0.3, ""copurchase"": 0.0, ""metadata"": 0.2, ""product2vec"": 0.5}","{""Κατηγορίες προϊόντων"": 0.35, ""Μάρκες"": 0.2, ""Προϊόν Ήρωας"": 0.15, ""Προϊόν Ηλικία"": 0.25, ""Προϊόν Φύλλο"": 0.05}",10
10.0,76.0,0.02763157894736842,0.27631578947368424,0.27631578947368424,0.1401315789473684,17.868532407320643,0.11069418386491557,heterogeneous_weight_candidate,0.0,0.5,0.4,0.1,42,2019-04-15 09:32:57,2024-07-13 13:56:34,2024-07-14 04:52:44,2025-08-21 06:48:08,wc-cancelled | wc-completed | wc-failed | wc-pending | wc-pickup | wc-ready-pickup | wc-refunded,cosine,1,6.0,"{""epochs"": 2, ""learning_rate"": 0.05, ""n_components"": 48, ""negative_samples"": 2, ""p"": 1.0, ""q"": 1.0, ""random_state"": 42, ""walk_length"": 8, ""walks_per_node"": 2, ""window_size"": 3}","{""adamic_adar"": 0.4, ""copurchase"": 0.0, ""metadata"": 0.1, ""product2vec"": 0.5}","{""Κατηγορίες προϊόντων"": 0.35, ""Μάρκες"": 0.2, ""Προϊόν Ήρωας"": 0.15, ""Προϊόν Ηλικία"": 0.25, ""Προϊόν Φύλλο"": 0.05}",10
10.0,76.0,0.031578947368421054,0.3157894736842105,0.3157894736842105,0.21666666666666665,16.299587155209327,0.11069418386491557,heterogeneous_weight_candidate,0.0,0.6,0.1,0.3,42,2019-04-15 09:32:57,2024-07-13 13:56:34,2024-07-14 04:52:44,2025-08-21 06:48:08,wc-cancelled | wc-completed | wc-failed | wc-pending | wc-pickup | wc-ready-pickup | wc-refunded,cosine,1,6.0,"{""epochs"": 2, ""learning_rate"": 0.05, ""n_components"": 48, ""negative_samples"": 2, ""p"": 1.0, ""q"": 1.0, ""random_state"": 42, ""walk_length"": 8, ""walks_per_node"": 2, ""window_size"": 3}","{""adamic_adar"": 0.1, ""copurchase"": 0.0, ""metadata"": 0.3, ""product2vec"": 0.6}","{""Κατηγορίες προϊόντων"": 0.35, ""Μάρκες"": 0.2, ""Προϊόν Ήρωας"": 0.15, ""Προϊόν Ηλικία"": 0.25, ""Προϊόν Φύλλο"": 0.05}",10
10.0,76.0,0.030263157894736843,0.3026315789473684,0.3026315789473684,0.18640350877192982,17.533839448412223,0.11069418386491557,heterogeneous_weight_candidate,0.0,0.6,0.2,0.2,42,2019-04-15 09:32:57,2024-07-13 13:56:34,2024-07-14 04:52:44,2025-08-21 06:48:08,wc-cancelled | wc-completed | wc-failed | wc-pending | wc-pickup | wc-ready-pickup | wc-refunded,cosine,1,6.0,"{""epochs"": 2, ""learning_rate"": 0.05, ""n_components"": 48, ""negative_samples"": 2, ""p"": 1.0, ""q"": 1.0, ""random_state"": 42, ""walk_length"": 8, ""walks_per_node"": 2, ""window_size"": 3}","{""adamic_adar"": 0.2, ""copurchase"": 0.0, ""metadata"": 0.2, ""product2vec"": 0.6}","{""Κατηγορίες προϊόντων"": 0.35, ""Μάρκες"": 0.2, ""Προϊόν Ήρωας"": 0.15, ""Προϊόν Ηλικία"": 0.25, ""Προϊόν Φύλλο"": 0.05}",10
10.0,76.0,0.02631578947368421,0.2631578947368421,0.2631578947368421,0.15869883040935673,18.464851246316133,0.10986032937252449,heterogeneous_weight_candidate,0.0,0.6,0.3,0.1,42,2019-04-15 09:32:57,2024-07-13 13:56:34,2024-07-14 04:52:44,2025-08-21 06:48:08,wc-cancelled | wc-completed | wc-failed | wc-pending | wc-pickup | wc-ready-pickup | wc-refunded,cosine,1,6.0,"{""epochs"": 2, ""learning_rate"": 0.05, ""n_components"": 48, ""negative_samples"": 2, ""p"": 1.0, ""q"": 1.0, ""random_state"": 42, ""walk_length"": 8, ""walks_per_node"": 2, ""window_size"": 3}","{""adamic_adar"": 0.3, ""copurchase"": 0.0, ""metadata"": 0.1, ""product2vec"": 0.6}","{""Κατηγορίες προϊόντων"": 0.35, ""Μάρκες"": 0.2, ""Προϊόν Ήρωας"": 0.15, ""Προϊόν Ηλικία"": 0.25, ""Προϊόν Φύλλο"": 0.05}",10
10.0,76.0,0.02763157894736842,0.27631578947368424,0.27631578947368424,0.10006787802840433,19.69804609495622,0.10986032937252449,heterogeneous_weight_candidate,0.0,0.6,0.4,0.0,42,2019-04-15 09:32:57,2024-07-13 13:56:34,2024-07-14 04:52:44,2025-08-21 06:48:08,wc-cancelled | wc-completed | wc-failed | wc-pending | wc-pickup | wc-ready-pickup | wc-refunded,cosine,1,6.0,"{""epochs"": 2, ""learning_rate"": 0.05, ""n_components"": 48, ""negative_samples"": 2, ""p"": 1.0, ""q"": 1.0, ""random_state"": 42, ""walk_length"": 8, ""walks_per_node"": 2, ""window_size"": 3}","{""adamic_adar"": 0.4, ""copurchase"": 0.0, ""metadata"": 0.0, ""product2vec"": 0.6}","{""Κατηγορίες προϊόντων"": 0.35, ""Μάρκες"": 0.2, ""Προϊόν Ήρωας"": 0.15, ""Προϊόν Ηλικία"": 0.25, ""Προϊόν Φύλλο"": 0.05}",10
10.0,76.0,0.031578947368421054,0.3157894736842105,0.3157894736842105,0.2364035087719298,16.591858302846884,0.11090264748801335,heterogeneous_weight_candidate,0.0,0.7,0.0,0.3,42,2019-04-15 09:32:57,2024-07-13 13:56:34,2024-07-14 04:52:44,2025-08-21 06:48:08,wc-cancelled | wc-completed | wc-failed | wc-pending | wc-pickup | wc-ready-pickup | wc-refunded,cosine,1,6.0,"{""epochs"": 2, ""learning_rate"": 0.05, ""n_components"": 48, ""negative_samples"": 2, ""p"": 1.0, ""q"": 1.0, ""random_state"": 42, ""walk_length"": 8, ""walks_per_node"": 2, ""window_size"": 3}","{""adamic_adar"": 0.0, ""copurchase"": 0.0, ""metadata"": 0.3, ""product2vec"": 0.7}","{""Κατηγορίες προϊόντων"": 0.35, ""Μάρκες"": 0.2, ""Προϊόν Ήρωας"": 0.15, ""Προϊόν Ηλικία"": 0.25, ""Προϊόν Φύλλο"": 0.05}",10
10.0,76.0,0.02894736842105263,0.2894736842105263,0.2894736842105263,0.20175438596491227,18.12794758825567,0.10965186574942673,heterogeneous_weight_candidate,0.0,0.7,0.1,0.2,42,2019-04-15 09:32:57,2024-07-13 13:56:34,2024-07-14 04:52:44,2025-08-21 06:48:08,wc-cancelled | wc-completed | wc-failed | wc-pending | wc-pickup | wc-ready-pickup | wc-refunded,cosine,1,6.0,"{""epochs"": 2, ""learning_rate"": 0.05, ""n_components"": 48, ""negative_samples"": 2, ""p"": 1.0, ""q"": 1.0, ""random_state"": 42, ""walk_length"": 8, ""walks_per_node"": 2, ""window_size"": 3}","{""adamic_adar"": 0.1, ""copurchase"": 0.0, ""metadata"": 0.2, ""product2vec"": 0.7}","{""Κατηγορίες προϊόντων"": 0.35, ""Μάρκες"": 0.2, ""Προϊόν Ήρωας"": 0.15, ""Προϊόν Ηλικία"": 0.25, ""Προϊόν Φύλλο"": 0.05}",10
10.0,76.0,0.02763157894736842,0.27631578947368424,0.27631578947368424,0.17551169590643276,19.059399899000407,0.10840108401084012,heterogeneous_weight_candidate,0.0,0.7,0.2,0.1,42,2019-04-15 09:32:57,2024-07-13 13:56:34,2024-07-14 04:52:44,2025-08-21 06:48:08,wc-cancelled | wc-completed | wc-failed | wc-pending | wc-pickup | wc-ready-pickup | wc-refunded,cosine,1,6.0,"{""epochs"": 2, ""learning_rate"": 0.05, ""n_components"": 48, ""negative_samples"": 2, ""p"": 1.0, ""q"": 1.0, ""random_state"": 42, ""walk_length"": 8, ""walks_per_node"": 2, ""window_size"": 3}","{""adamic_adar"": 0.2, ""copurchase"": 0.0, ""metadata"": 0.1, ""product2vec"": 0.7}","{""Κατηγορίες προϊόντων"": 0.35, ""Μάρκες"": 0.2, ""Προϊόν Ήρωας"": 0.15, ""Προϊόν Ηλικία"": 0.25, ""Προϊόν Φύλλο"": 0.05}",10
10.0,76.0,0.02763157894736842,0.27631578947368424,0.27631578947368424,0.11299081035923143,20.293011328584107,0.10923493850323118,heterogeneous_weight_candidate,0.0,0.7,0.3,0.0,42,2019-04-15 09:32:57,2024-07-13 13:56:34,2024-07-14 04:52:44,2025-08-21 06:48:08,wc-cancelled | wc-completed | wc-failed | wc-pending | wc-pickup | wc-ready-pickup | wc-refunded,cosine,1,6.0,"{""epochs"": 2, ""learning_rate"": 0.05, ""n_components"": 48, ""negative_samples"": 2, ""p"": 1.0, ""q"": 1.0, ""random_state"": 42, ""walk_length"": 8, ""walks_per_node"": 2, ""window_size"": 3}","{""adamic_adar"": 0.3, ""copurchase"": 0.0, ""metadata"": 0.0, ""product2vec"": 0.7}","{""Κατηγορίες προϊόντων"": 0.35, ""Μάρκες"": 0.2, ""Προϊόν Ήρωας"": 0.15, ""Προϊόν Ηλικία"": 0.25, ""Προϊόν Φύλλο"": 0.05}",10
10.0,76.0,0.030263157894736843,0.3026315789473684,0.3026315789473684,0.22446741854636593,18.11827693070863,0.11090264748801335,heterogeneous_weight_candidate,0.0,0.8,0.0,0.2,42,2019-04-15 09:32:57,2024-07-13 13:56:34,2024-07-14 04:52:44,2025-08-21 06:48:08,wc-cancelled | wc-completed | wc-failed | wc-pending | wc-pickup | wc-ready-pickup | wc-refunded,cosine,1,6.0,"{""epochs"": 2, ""learning_rate"": 0.05, ""n_components"": 48, ""negative_samples"": 2, ""p"": 1.0, ""q"": 1.0, ""random_state"": 42, ""walk_length"": 8, ""walks_per_node"": 2, ""window_size"": 3}","{""adamic_adar"": 0.0, ""copurchase"": 0.0, ""metadata"": 0.2, ""product2vec"": 0.8}","{""Κατηγορίες προϊόντων"": 0.35, ""Μάρκες"": 0.2, ""Προϊόν Ήρωας"": 0.15, ""Προϊόν Ηλικία"": 0.25, ""Προϊόν Φύλλο"": 0.05}",10
10.0,76.0,0.030263157894736843,0.3026315789473684,0.3026315789473684,0.18611111111111112,19.049289158131558,0.10860954763393788,heterogeneous_weight_candidate,0.0,0.8,0.1,0.1,42,2019-04-15 09:32:57,2024-07-13 13:56:34,2024-07-14 04:52:44,2025-08-21 06:48:08,wc-cancelled | wc-completed | wc-failed | wc-pending | wc-pickup | wc-ready-pickup | wc-refunded,cosine,1,6.0,"{""epochs"": 2, ""learning_rate"": 0.05, ""n_components"": 48, ""negative_samples"": 2, ""p"": 1.0, ""q"": 1.0, ""random_state"": 42, ""walk_length"": 8, ""walks_per_node"": 2, ""window_size"": 3}","{""adamic_adar"": 0.1, ""copurchase"": 0.0, ""metadata"": 0.1, ""product2vec"": 0.8}","{""Κατηγορίες προϊόντων"": 0.35, ""Μάρκες"": 0.2, ""Προϊόν Ήρωας"": 0.15, ""Προϊόν Ηλικία"": 0.25, ""Προϊόν Φύλλο"": 0.05}",10
10.0,76.0,0.02763157894736842,0.27631578947368424,0.27631578947368424,0.12108395989974938,20.282026900122936,0.10798415676464457,heterogeneous_weight_candidate,0.0,0.8,0.2,0.0,42,2019-04-15 09:32:57,2024-07-13 13:56:34,2024-07-14 04:52:44,2025-08-21 06:48:08,wc-cancelled | wc-completed | wc-failed | wc-pending | wc-pickup | wc-ready-pickup | wc-refunded,cosine,1,6.0,"{""epochs"": 2, ""learning_rate"": 0.05, ""n_components"": 48, ""negative_samples"": 2, ""p"": 1.0, ""q"": 1.0, ""random_state"": 42, ""walk_length"": 8, ""walks_per_node"": 2, ""window_size"": 3}","{""adamic_adar"": 0.2, ""copurchase"": 0.0, ""metadata"": 0.0, ""product2vec"": 0.8}","{""Κατηγορίες προϊόντων"": 0.35, ""Μάρκες"": 0.2, ""Προϊόν Ήρωας"": 0.15, ""Προϊόν Ηλικία"": 0.25, ""Προϊόν Φύλλο"": 0.05}",10
10.0,76.0,0.030263157894736843,0.3026315789473684,0.3026315789473684,0.2185672514619883,19.039642407155185,0.10840108401084012,heterogeneous_weight_candidate,0.0,0.9,0.0,0.1,42,2019-04-15 09:32:57,2024-07-13 13:56:34,2024-07-14 04:52:44,2025-08-21 06:48:08,wc-cancelled | wc-completed | wc-failed | wc-pending | wc-pickup | wc-ready-pickup | wc-refunded,cosine,1,6.0,"{""epochs"": 2, ""learning_rate"": 0.05, ""n_components"": 48, ""negative_samples"": 2, ""p"": 1.0, ""q"": 1.0, ""random_state"": 42, ""walk_length"": 8, ""walks_per_node"": 2, ""window_size"": 3}","{""adamic_adar"": 0.0, ""copurchase"": 0.0, ""metadata"": 0.1, ""product2vec"": 0.9}","{""Κατηγορίες προϊόντων"": 0.35, ""Μάρκες"": 0.2, ""Προϊόν Ήρωας"": 0.15, ""Προϊόν Ηλικία"": 0.25, ""Προϊόν Φύλλο"": 0.05}",10
10.0,76.0,0.02763157894736842,0.27631578947368424,0.27631578947368424,0.12872807017543858,20.271418351708576,0.10735876589535126,heterogeneous_weight_candidate,0.0,0.9,0.1,0.0,42,2019-04-15 09:32:57,2024-07-13 13:56:34,2024-07-14 04:52:44,2025-08-21 06:48:08,wc-cancelled | wc-completed | wc-failed | wc-pending | wc-pickup | wc-ready-pickup | wc-refunded,cosine,1,6.0,"{""epochs"": 2, ""learning_rate"": 0.05, ""n_components"": 48, ""negative_samples"": 2, ""p"": 1.0, ""q"": 1.0, ""random_state"": 42, ""walk_length"": 8, ""walks_per_node"": 2, ""window_size"": 3}","{""adamic_adar"": 0.1, ""copurchase"": 0.0, ""metadata"": 0.0, ""product2vec"": 0.9}","{""Κατηγορίες προϊόντων"": 0.35, ""Μάρκες"": 0.2, ""Προϊόν Ήρωας"": 0.15, ""Προϊόν Ηλικία"": 0.25, ""Προϊόν Φύλλο"": 0.05}",10
10.0,76.0,0.034210526315789476,0.34210526315789475,0.34210526315789475,0.2047827903091061,13.581047798303883,0.10840108401084012,heterogeneous_weight_candidate,0.1,0.3,0.3,0.3,42,2019-04-15 09:32:57,2024-07-13 13:56:34,2024-07-14 04:52:44,2025-08-21 06:48:08,wc-cancelled | wc-completed | wc-failed | wc-pending | wc-pickup | wc-ready-pickup | wc-refunded,cosine,1,6.0,"{""epochs"": 2, ""learning_rate"": 0.05, ""n_components"": 48, ""negative_samples"": 2, ""p"": 1.0, ""q"": 1.0, ""random_state"": 42, ""walk_length"": 8, ""walks_per_node"": 2, ""window_size"": 3}","{""adamic_adar"": 0.3, ""copurchase"": 0.1, ""metadata"": 0.3, ""product2vec"": 0.3}","{""Κατηγορίες προϊόντων"": 0.35, ""Μάρκες"": 0.2, ""Προϊόν Ήρωας"": 0.15, ""Προϊόν Ηλικία"": 0.25, ""Προϊόν Φύλλο"": 0.05}",10
10.0,76.0,0.030263157894736843,0.3026315789473684,0.3026315789473684,0.17192982456140352,15.117799336911489,0.10965186574942673,heterogeneous_weight_candidate,0.1,0.3,0.4,0.2,42,2019-04-15 09:32:57,2024-07-13 13:56:34,2024-07-14 04:52:44,2025-08-21 06:48:08,wc-cancelled | wc-completed | wc-failed | wc-pending | wc-pickup | wc-ready-pickup | wc-refunded,cosine,1,6.0,"{""epochs"": 2, ""learning_rate"": 0.05, ""n_components"": 48, ""negative_samples"": 2, ""p"": 1.0, ""q"": 1.0, ""random_state"": 42, ""walk_length"": 8, ""walks_per_node"": 2, ""window_size"": 3}","{""adamic_adar"": 0.4, ""copurchase"": 0.1, ""metadata"": 0.2, ""product2vec"": 0.3}","{""Κατηγορίες προϊόντων"": 0.35, ""Μάρκες"": 0.2, ""Προϊόν Ήρωας"": 0.15, ""Προϊόν Ηλικία"": 0.25, ""Προϊόν Φύλλο"": 0.05}",10
10.0,76.0,0.031578947368421054,0.3157894736842105,0.3157894736842105,0.21613408521303254,14.781129635963408,0.11152803835730665,heterogeneous_weight_candidate,0.1,0.4,0.2,0.3,42,2019-04-15 09:32:57,2024-07-13 13:56:34,2024-07-14 04:52:44,2025-08-21 06:48:08,wc-cancelled | wc-completed | wc-failed | wc-pending | wc-pickup | wc-ready-pickup | wc-refunded,cosine,1,6.0,"{""epochs"": 2, ""learning_rate"": 0.05, ""n_components"": 48, ""negative_samples"": 2, ""p"": 1.0, ""q"": 1.0, ""random_state"": 42, ""walk_length"": 8, ""walks_per_node"": 2, ""window_size"": 3}","{""adamic_adar"": 0.2, ""copurchase"": 0.1, ""metadata"": 0.3, ""product2vec"": 0.4}","{""Κατηγορίες προϊόντων"": 0.35, ""Μάρκες"": 0.2, ""Προϊόν Ήρωας"": 0.15, ""Προϊόν Ηλικία"": 0.25, ""Προϊόν Φύλλο"": 0.05}",10
10.0,76.0,0.030263157894736843,0.3026315789473684,0.3026315789473684,0.19683583959899748,16.014886719698733,0.11027725661872004,heterogeneous_weight_candidate,0.1,0.4,0.3,0.2,42,2019-04-15 09:32:57,2024-07-13 13:56:34,2024-07-14 04:52:44,2025-08-21 06:48:08,wc-cancelled | wc-completed | wc-failed | wc-pending | wc-pickup | wc-ready-pickup | wc-refunded,cosine,1,6.0,"{""epochs"": 2, ""learning_rate"": 0.05, ""n_components"": 48, ""negative_samples"": 2, ""p"": 1.0, ""q"": 1.0, ""random_state"": 42, ""walk_length"": 8, ""walks_per_node"": 2, ""window_size"": 3}","{""adamic_adar"": 0.3, ""copurchase"": 0.1, ""metadata"": 0.2, ""product2vec"": 0.4}","{""Κατηγορίες προϊόντων"": 0.35, ""Μάρκες"": 0.2, ""Προϊόν Ήρωας"": 0.15, ""Προϊόν Ηλικία"": 0.25, ""Προϊόν Φύλλο"": 0.05}",10
10.0,76.0,0.02894736842105263,0.2894736842105263,0.2894736842105263,0.1699561403508772,17.5529051853041,0.11090264748801335,heterogeneous_weight_candidate,0.1,0.4,0.4,0.1,42,2019-04-15 09:32:57,2024-07-13 13:56:34,2024-07-14 04:52:44,2025-08-21 06:48:08,wc-cancelled | wc-completed | wc-failed | wc-pending | wc-pickup | wc-ready-pickup | wc-refunded,cosine,1,6.0,"{""epochs"": 2, ""learning_rate"": 0.05, ""n_components"": 48, ""negative_samples"": 2, ""p"": 1.0, ""q"": 1.0, ""random_state"": 42, ""walk_length"": 8, ""walks_per_node"": 2, ""window_size"": 3}","{""adamic_adar"": 0.4, ""copurchase"": 0.1, ""metadata"": 0.1, ""product2vec"": 0.4}","{""Κατηγορίες προϊόντων"": 0.35, ""Μάρκες"": 0.2, ""Προϊόν Ήρωας"": 0.15, ""Προϊόν Ηλικία"": 0.25, ""Προϊόν Φύλλο"": 0.05}",10
10.0,76.0,0.03289473684210526,0.32894736842105265,0.32894736842105265,0.24013157894736836,16.28351356536281,0.11069418386491557,heterogeneous_weight_candidate,0.1,0.5,0.1,0.3,42,2019-04-15 09:32:57,2024-07-13 13:56:34,2024-07-14 04:52:44,2025-08-21 06:48:08,wc-cancelled | wc-completed | wc-failed | wc-pending | wc-pickup | wc-ready-pickup | wc-refunded,cosine,1,6.0,"{""epochs"": 2, ""learning_rate"": 0.05, ""n_components"": 48, ""negative_samples"": 2, ""p"": 1.0, ""q"": 1.0, ""random_state"": 42, ""walk_length"": 8, ""walks_per_node"": 2, ""window_size"": 3}","{""adamic_adar"": 0.1, ""copurchase"": 0.1, ""metadata"": 0.3, ""product2vec"": 0.5}","{""Κατηγορίες προϊόντων"": 0.35, ""Μάρκες"": 0.2, ""Προϊόν Ήρωας"": 0.15, ""Προϊόν Ηλικία"": 0.25, ""Προϊόν Φύλλο"": 0.05}",10
10.0,76.0,0.031578947368421054,0.3157894736842105,0.3157894736842105,0.21359649122807015,16.3099510223886,0.10860954763393788,heterogeneous_weight_candidate,0.1,0.5,0.2,0.2,42,2019-04-15 09:32:57,2024-07-13 13:56:34,2024-07-14 04:52:44,2025-08-21 06:48:08,wc-cancelled | wc-completed | wc-failed | wc-pending | wc-pickup | wc-ready-pickup | wc-refunded,cosine,1,6.0,"{""epochs"": 2, ""learning_rate"": 0.05, ""n_components"": 48, ""negative_samples"": 2, ""p"": 1.0, ""q"": 1.0, ""random_state"": 42, ""walk_length"": 8, ""walks_per_node"": 2, ""window_size"": 3}","{""adamic_adar"": 0.2, ""copurchase"": 0.1, ""metadata"": 0.2, ""product2vec"": 0.5}","{""Κατηγορίες προϊόντων"": 0.35, ""Μάρκες"": 0.2, ""Προϊόν Ήρωας"": 0.15, ""Προϊόν Ηλικία"": 0.25, ""Προϊόν Φύλλο"": 0.05}",10
10.0,76.0,0.02763157894736842,0.27631578947368424,0.27631578947368424,0.17478070175438595,17.844168350576904,0.11069418386491557,heterogeneous_weight_candidate,0.1,0.5,0.3,0.1,42,2019-04-15 09:32:57,2024-07-13 13:56:34,2024-07-14 04:52:44,2025-08-21 06:48:08,wc-cancelled | wc-completed | wc-failed | wc-pending | wc-pickup | wc-ready-pickup | wc-refunded,cosine,1,6.0,"{""epochs"": 2, ""learning_rate"": 0.05, ""n_components"": 48, ""negative_samples"": 2, ""p"": 1.0, ""q"": 1.0, ""random_state"": 42, ""walk_length"": 8, ""walks_per_node"": 2, ""window_size"": 3}","{""adamic_adar"": 0.3, ""copurchase"": 0.1, ""metadata"": 0.1, ""product2vec"": 0.5}","{""Κατηγορίες προϊόντων"": 0.35, ""Μάρκες"": 0.2, ""Προϊόν Ήρωας"": 0.15, ""Προϊόν Ηλικία"": 0.25, ""Προϊόν Φύλλο"": 0.05}",10
10.0,76.0,0.02894736842105263,0.2894736842105263,0.2894736842105263,0.12894736842105262,19.380456520762333,0.11006879299562226,heterogeneous_weight_candidate,0.1,0.5,0.4,0.0,42,2019-04-15 09:32:57,2024-07-13 13:56:34,2024-07-14 04:52:44,2025-08-21 06:48:08,wc-cancelled | wc-completed | wc-failed | wc-pending | wc-pickup | wc-ready-pickup | wc-refunded,cosine,1,6.0,"{""epochs"": 2, ""learning_rate"": 0.05, ""n_components"": 48, ""negative_samples"": 2, ""p"": 1.0, ""q"": 1.0, ""random_state"": 42, ""walk_length"": 8, ""walks_per_node"": 2, ""window_size"": 3}","{""adamic_adar"": 0.4, ""copurchase"": 0.1, ""metadata"": 0.0, ""product2vec"": 0.5}","{""Κατηγορίες προϊόντων"": 0.35, ""Μάρκες"": 0.2, ""Προϊόν Ήρωας"": 0.15, ""Προϊόν Ηλικία"": 0.25, ""Προϊόν Φύλλο"": 0.05}",10
10.0,76.0,0.03289473684210526,0.32894736842105265,0.32894736842105265,0.24013157894736836,16.575346308759215,0.11006879299562226,heterogeneous_weight_candidate,0.1,0.6,0.0,0.3,42,2019-04-15 09:32:57,2024-07-13 13:56:34,2024-07-14 04:52:44,2025-08-21 06:48:08,wc-cancelled | wc-completed | wc-failed | wc-pending | wc-pickup | wc-ready-pickup | wc-refunded,cosine,1,6.0,"{""epochs"": 2, ""learning_rate"": 0.05, ""n_components"": 48, ""negative_samples"": 2, ""p"": 1.0, ""q"": 1.0, ""random_state"": 42, ""walk_length"": 8, ""walks_per_node"": 2, ""window_size"": 3}","{""adamic_adar"": 0.0, ""copurchase"": 0.1, ""metadata"": 0.3, ""product2vec"": 0.6}","{""Κατηγορίες προϊόντων"": 0.35, ""Μάρκες"": 0.2, ""Προϊόν Ήρωας"": 0.15, ""Προϊόν Ηλικία"": 0.25, ""Προϊόν Φύλλο"": 0.05}",10
10.0,76.0,0.031578947368421054,0.3157894736842105,0.3157894736842105,0.2475146198830409,17.80972517000957,0.11027725661872004,heterogeneous_weight_candidate,0.1,0.6,0.1,0.2,42,2019-04-15 09:32:57,2024-07-13 13:56:34,2024-07-14 04:52:44,2025-08-21 06:48:08,wc-cancelled | wc-completed | wc-failed | wc-pending | wc-pickup | wc-ready-pickup | wc-refunded,cosine,1,6.0,"{""epochs"": 2, ""learning_rate"": 0.05, ""n_components"": 48, ""negative_samples"": 2, ""p"": 1.0, ""q"": 1.0, ""random_state"": 42, ""walk_length"": 8, ""walks_per_node"": 2, ""window_size"": 3}","{""adamic_adar"": 0.1, ""copurchase"": 0.1, ""metadata"": 0.2, ""product2vec"": 0.6}","{""Κατηγορίες προϊόντων"": 0.35, ""Μάρκες"": 0.2, ""Προϊόν Ήρωας"": 0.15, ""Προϊόν Ηλικία"": 0.25, ""Προϊόν Φύλλο"": 0.05}",10
10.0,76.0,0.030263157894736843,0.3026315789473684,0.3026315789473684,0.1918859649122807,18.74285521287163,0.10986032937252449,heterogeneous_weight_candidate,0.1,0.6,0.2,0.1,42,2019-04-15 09:32:57,2024-07-13 13:56:34,2024-07-14 04:52:44,2025-08-21 06:48:08,wc-cancelled | wc-completed | wc-failed | wc-pending | wc-pickup | wc-ready-pickup | wc-refunded,cosine,1,6.0,"{""epochs"": 2, ""learning_rate"": 0.05, ""n_components"": 48, ""negative_samples"": 2, ""p"": 1.0, ""q"": 1.0, ""random_state"": 42, ""walk_length"": 8, ""walks_per_node"": 2, ""window_size"": 3}","{""adamic_adar"": 0.2, ""copurchase"": 0.1, ""metadata"": 0.1, ""product2vec"": 0.6}","{""Κατηγορίες προϊόντων"": 0.35, ""Μάρκες"": 0.2, ""Προϊόν Ήρωας"": 0.15, ""Προϊόν Ηλικία"": 0.25, ""Προϊόν Φύλλο"": 0.05}",10
10.0,76.0,0.02763157894736842,0.27631578947368424,0.27631578947368424,0.13925438596491227,19.37184840268666,0.1104857202418178,heterogeneous_weight_candidate,0.1,0.6,0.3,0.0,42,2019-04-15 09:32:57,2024-07-13 13:56:34,2024-07-14 04:52:44,2025-08-21 06:48:08,wc-cancelled | wc-completed | wc-failed | wc-pending | wc-pickup | wc-ready-pickup | wc-refunded,cosine,1,6.0,"{""epochs"": 2, ""learning_rate"": 0.05, ""n_components"": 48, ""negative_samples"": 2, ""p"": 1.0, ""q"": 1.0, ""random_state"": 42, ""walk_length"": 8, ""walks_per_node"": 2, ""window_size"": 3}","{""adamic_adar"": 0.3, ""copurchase"": 0.1, ""metadata"": 0.0, ""product2vec"": 0.6}","{""Κατηγορίες προϊόντων"": 0.35, ""Μάρκες"": 0.2, ""Προϊόν Ήρωας"": 0.15, ""Προϊόν Ηλικία"": 0.25, ""Προϊόν Φύλλο"": 0.05}",10
10.0,76.0,0.030263157894736843,0.3026315789473684,0.3026315789473684,0.24605263157894736,18.102478656476887,0.11027725661872004,heterogeneous_weight_candidate,0.1,0.7,0.0,0.2,42,2019-04-15 09:32:57,2024-07-13 13:56:34,2024-07-14 04:52:44,2025-08-21 06:48:08,wc-cancelled | wc-completed | wc-failed | wc-pending | wc-pickup | wc-ready-pickup | wc-refunded,cosine,1,6.0,"{""epochs"": 2, ""learning_rate"": 0.05, ""n_components"": 48, ""negative_samples"": 2, ""p"": 1.0, ""q"": 1.0, ""random_state"": 42, ""walk_length"": 8, ""walks_per_node"": 2, ""window_size"": 3}","{""adamic_adar"": 0.0, ""copurchase"": 0.1, ""metadata"": 0.2, ""product2vec"": 0.7}","{""Κατηγορίες προϊόντων"": 0.35, ""Μάρκες"": 0.2, ""Προϊόν Ήρωας"": 0.15, ""Προϊόν Ηλικία"": 0.25, ""Προϊόν Φύλλο"": 0.05}",10
10.0,76.0,0.031578947368421054,0.3157894736842105,0.3157894736842105,0.23611111111111108,19.034068337870128,0.10798415676464457,heterogeneous_weight_candidate,0.1,0.7,0.1,0.1,42,2019-04-15 09:32:57,2024-07-13 13:56:34,2024-07-14 04:52:44,2025-08-21 06:48:08,wc-cancelled | wc-completed | wc-failed | wc-pending | wc-pickup | wc-ready-pickup | wc-refunded,cosine,1,6.0,"{""epochs"": 2, ""learning_rate"": 0.05, ""n_components"": 48, ""negative_samples"": 2, ""p"": 1.0, ""q"": 1.0, ""random_state"": 42, ""walk_length"": 8, ""walks_per_node"": 2, ""window_size"": 3}","{""adamic_adar"": 0.1, ""copurchase"": 0.1, ""metadata"": 0.1, ""product2vec"": 0.7}","{""Κατηγορίες προϊόντων"": 0.35, ""Μάρκες"": 0.2, ""Προϊόν Ήρωας"": 0.15, ""Προϊόν Ηλικία"": 0.25, ""Προϊόν Φύλλο"": 0.05}",10
10.0,76.0,0.02763157894736842,0.27631578947368424,0.27631578947368424,0.15789473684210525,19.96531795277591,0.10923493850323118,heterogeneous_weight_candidate,0.1,0.7,0.2,0.0,42,2019-04-15 09:32:57,2024-07-13 13:56:34,2024-07-14 04:52:44,2025-08-21 06:48:08,wc-cancelled | wc-completed | wc-failed | wc-pending | wc-pickup | wc-ready-pickup | wc-refunded,cosine,1,6.0,"{""epochs"": 2, ""learning_rate"": 0.05, ""n_components"": 48, ""negative_samples"": 2, ""p"": 1.0, ""q"": 1.0, ""random_state"": 42, ""walk_length"": 8, ""walks_per_node"": 2, ""window_size"": 3}","{""adamic_adar"": 0.2, ""copurchase"": 0.1, ""metadata"": 0.0, ""product2vec"": 0.7}","{""Κατηγορίες προϊόντων"": 0.35, ""Μάρκες"": 0.2, ""Προϊόν Ήρωας"": 0.15, ""Προϊόν Ηλικία"": 0.25, ""Προϊόν Φύλλο"": 0.05}",10
10.0,76.0,0.031578947368421054,0.3157894736842105,0.3157894736842105,0.22953216374269003,19.0243926686918,0.10840108401084012,heterogeneous_weight_candidate,0.1,0.8,0.0,0.1,42,2019-04-15 09:32:57,2024-07-13 13:56:34,2024-07-14 04:52:44,2025-08-21 06:48:08,wc-cancelled | wc-completed | wc-failed | wc-pending | wc-pickup | wc-ready-pickup | wc-refunded,cosine,1,6.0,"{""epochs"": 2, ""learning_rate"": 0.05, ""n_components"": 48, ""negative_samples"": 2, ""p"": 1.0, ""q"": 1.0, ""random_state"": 42, ""walk_length"": 8, ""walks_per_node"": 2, ""window_size"": 3}","{""adamic_adar"": 0.0, ""copurchase"": 0.1, ""metadata"": 0.1, ""product2vec"": 0.8}","{""Κατηγορίες προϊόντων"": 0.35, ""Μάρκες"": 0.2, ""Προϊόν Ήρωας"": 0.15, ""Προϊόν Ηλικία"": 0.25, ""Προϊόν Φύλλο"": 0.05}",10
10.0,76.0,0.030263157894736843,0.3026315789473684,0.3026315789473684,0.18618421052631576,20.257463575306073,0.1077756931415468,heterogeneous_weight_candidate,0.1,0.8,0.1,0.0,42,2019-04-15 09:32:57,2024-07-13 13:56:34,2024-07-14 04:52:44,2025-08-21 06:48:08,wc-cancelled | wc-completed | wc-failed | wc-pending | wc-pickup | wc-ready-pickup | wc-refunded,cosine,1,6.0,"{""epochs"": 2, ""learning_rate"": 0.05, ""n_components"": 48, ""negative_samples"": 2, ""p"": 1.0, ""q"": 1.0, ""random_state"": 42, ""walk_length"": 8, ""walks_per_node"": 2, ""window_size"": 3}","{""adamic_adar"": 0.1, ""copurchase"": 0.1, ""metadata"": 0.0, ""product2vec"": 0.8}","{""Κατηγορίες προϊόντων"": 0.35, ""Μάρκες"": 0.2, ""Προϊόν Ήρωας"": 0.15, ""Προϊόν Ηλικία"": 0.25, ""Προϊόν Φύλλο"": 0.05}",10
10.0,76.0,0.030263157894736843,0.3026315789473684,0.3026315789473684,0.19407894736842102,20.247234519237875,0.1077756931415468,heterogeneous_weight_candidate,0.1,0.9,0.0,0.0,42,2019-04-15 09:32:57,2024-07-13 13:56:34,2024-07-14 04:52:44,2025-08-21 06:48:08,wc-cancelled | wc-completed | wc-failed | wc-pending | wc-pickup | wc-ready-pickup | wc-refunded,cosine,1,6.0,"{""epochs"": 2, ""learning_rate"": 0.05, ""n_components"": 48, ""negative_samples"": 2, ""p"": 1.0, ""q"": 1.0, ""random_state"": 42, ""walk_length"": 8, ""walks_per_node"": 2, ""window_size"": 3}","{""adamic_adar"": 0.0, ""copurchase"": 0.1, ""metadata"": 0.0, ""product2vec"": 0.9}","{""Κατηγορίες προϊόντων"": 0.35, ""Μάρκες"": 0.2, ""Προϊόν Ήρωας"": 0.15, ""Προϊόν Ηλικία"": 0.25, ""Προϊόν Φύλλο"": 0.05}",10
10.0,76.0,0.03684210526315789,0.3684210526315789,0.3684210526315789,0.26145572263993316,13.25285099016318,0.11006879299562226,heterogeneous_weight_candidate,0.2,0.3,0.2,0.3,42,2019-04-15 09:32:57,2024-07-13 13:56:34,2024-07-14 04:52:44,2025-08-21 06:48:08,wc-cancelled | wc-completed | wc-failed | wc-pending | wc-pickup | wc-ready-pickup | wc-refunded,cosine,1,6.0,"{""epochs"": 2, ""learning_rate"": 0.05, ""n_components"": 48, ""negative_samples"": 2, ""p"": 1.0, ""q"": 1.0, ""random_state"": 42, ""walk_length"": 8, ""walks_per_node"": 2, ""window_size"": 3}","{""adamic_adar"": 0.2, ""copurchase"": 0.2, ""metadata"": 0.3, ""product2vec"": 0.3}","{""Κατηγορίες προϊόντων"": 0.35, ""Μάρκες"": 0.2, ""Προϊόν Ήρωας"": 0.15, ""Προϊόν Ηλικία"": 0.25, ""Προϊόν Φύλλο"": 0.05}",10
10.0,76.0,0.034210526315789476,0.34210526315789475,0.34210526315789475,0.2132832080200501,14.787675184031116,0.1104857202418178,heterogeneous_weight_candidate,0.2,0.3,0.3,0.2,42,2019-04-15 09:32:57,2024-07-13 13:56:34,2024-07-14 04:52:44,2025-08-21 06:48:08,wc-cancelled | wc-completed | wc-failed | wc-pending | wc-pickup | wc-ready-pickup | wc-refunded,cosine,1,6.0,"{""epochs"": 2, ""learning_rate"": 0.05, ""n_components"": 48, ""negative_samples"": 2, ""p"": 1.0, ""q"": 1.0, ""random_state"": 42, ""walk_length"": 8, ""walks_per_node"": 2, ""window_size"": 3}","{""adamic_adar"": 0.3, ""copurchase"": 0.2, ""metadata"": 0.2, ""product2vec"": 0.3}","{""Κατηγορίες προϊόντων"": 0.35, ""Μάρκες"": 0.2, ""Προϊόν Ήρωας"": 0.15, ""Προϊόν Ηλικία"": 0.25, ""Προϊόν Φύλλο"": 0.05}",10
10.0,76.0,0.031578947368421054,0.3157894736842105,0.3157894736842105,0.17266081871345026,16.627743332754186,0.11131957473420888,heterogeneous_weight_candidate,0.2,0.3,0.4,0.1,42,2019-04-15 09:32:57,2024-07-13 13:56:34,2024-07-14 04:52:44,2025-08-21 06:48:08,wc-cancelled | wc-completed | wc-failed | wc-pending | wc-pickup | wc-ready-pickup | wc-refunded,cosine,1,6.0,"{""epochs"": 2, ""learning_rate"": 0.05, ""n_components"": 48, ""negative_samples"": 2, ""p"": 1.0, ""q"": 1.0, ""random_state"": 42, ""walk_length"": 8, ""walks_per_node"": 2, ""window_size"": 3}","{""adamic_adar"": 0.4, ""copurchase"": 0.2, ""metadata"": 0.1, ""product2vec"": 0.3}","{""Κατηγορίες προϊόντων"": 0.35, ""Μάρκες"": 0.2, ""Προϊόν Ήρωας"": 0.15, ""Προϊόν Ηλικία"": 0.25, ""Προϊόν Φύλλο"": 0.05}",10
10.0,76.0,0.035526315789473684,0.35526315789473684,0.35526315789473684,0.25716374269005854,14.755572135465119,0.11277882009589327,heterogeneous_weight_candidate,0.2,0.4,0.1,0.3,42,2019-04-15 09:32:57,2024-07-13 13:56:34,2024-07-14 04:52:44,2025-08-21 06:48:08,wc-cancelled | wc-completed | wc-failed | wc-pending | wc-pickup | wc-ready-pickup | wc-refunded,cosine,1,6.0,"{""epochs"": 2, ""learning_rate"": 0.05, ""n_components"": 48, ""negative_samples"": 2, ""p"": 1.0, ""q"": 1.0, ""random_state"": 42, ""walk_length"": 8, ""walks_per_node"": 2, ""window_size"": 3}","{""adamic_adar"": 0.1, ""copurchase"": 0.2, ""metadata"": 0.3, ""product2vec"": 0.4}","{""Κατηγορίες προϊόντων"": 0.35, ""Μάρκες"": 0.2, ""Προϊόν Ήρωας"": 0.15, ""Προϊόν Ηλικία"": 0.25, ""Προϊόν Φύλλο"": 0.05}",10
10.0,76.0,0.03289473684210526,0.32894736842105265,0.32894736842105265,0.2482456140350877,15.384045502961472,0.10965186574942673,heterogeneous_weight_candidate,0.2,0.4,0.2,0.2,42,2019-04-15 09:32:57,2024-07-13 13:56:34,2024-07-14 04:52:44,2025-08-21 06:48:08,wc-cancelled | wc-completed | wc-failed | wc-pending | wc-pickup | wc-ready-pickup | wc-refunded,cosine,1,6.0,"{""epochs"": 2, ""learning_rate"": 0.05, ""n_components"": 48, ""negative_samples"": 2, ""p"": 1.0, ""q"": 1.0, ""random_state"": 42, ""walk_length"": 8, ""walks_per_node"": 2, ""window_size"": 3}","{""adamic_adar"": 0.2, ""copurchase"": 0.2, ""metadata"": 0.2, ""product2vec"": 0.4}","{""Κατηγορίες προϊόντων"": 0.35, ""Μάρκες"": 0.2, ""Προϊόν Ήρωας"": 0.15, ""Προϊόν Ηλικία"": 0.25, ""Προϊόν Φύλλο"": 0.05}",10
10.0,76.0,0.03289473684210526,0.32894736842105265,0.32894736842105265,0.19407894736842102,16.921233784928695,0.1111111111111111,heterogeneous_weight_candidate,0.2,0.4,0.3,0.1,42,2019-04-15 09:32:57,2024-07-13 13:56:34,2024-07-14 04:52:44,2025-08-21 06:48:08,wc-cancelled | wc-completed | wc-failed | wc-pending | wc-pickup | wc-ready-pickup | wc-refunded,cosine,1,6.0,"{""epochs"": 2, ""learning_rate"": 0.05, ""n_components"": 48, ""negative_samples"": 2, ""p"": 1.0, ""q"": 1.0, ""random_state"": 42, ""walk_length"": 8, ""walks_per_node"": 2, ""window_size"": 3}","{""adamic_adar"": 0.3, ""copurchase"": 0.2, ""metadata"": 0.1, ""product2vec"": 0.4}","{""Κατηγορίες προϊόντων"": 0.35, ""Μάρκες"": 0.2, ""Προϊόν Ήρωας"": 0.15, ""Προϊόν Ηλικία"": 0.25, ""Προϊόν Φύλλο"": 0.05}",10
10.0,76.0,0.031578947368421054,0.3157894736842105,0.3157894736842105,0.14859022556390977,18.759443273318798,0.11131957473420888,heterogeneous_weight_candidate,0.2,0.4,0.4,0.0,42,2019-04-15 09:32:57,2024-07-13 13:56:34,2024-07-14 04:52:44,2025-08-21 06:48:08,wc-cancelled | wc-completed | wc-failed | wc-pending | wc-pickup | wc-ready-pickup | wc-refunded,cosine,1,6.0,"{""epochs"": 2, ""learning_rate"": 0.05, ""n_components"": 48, ""negative_samples"": 2, ""p"": 1.0, ""q"": 1.0, ""random_state"": 42, ""walk_length"": 8, ""walks_per_node"": 2, ""window_size"": 3}","{""adamic_adar"": 0.4, ""copurchase"": 0.2, ""metadata"": 0.0, ""product2vec"": 0.4}","{""Κατηγορίες προϊόντων"": 0.35, ""Μάρκες"": 0.2, ""Προϊόν Ήρωας"": 0.15, ""Προϊόν Ηλικία"": 0.25, ""Προϊόν Φύλλο"": 0.05}",10
10.0,76.0,0.035526315789473684,0.35526315789473684,0.35526315789473684,0.25614035087719295,16.256259214155083,0.1104857202418178,heterogeneous_weight_candidate,0.2,0.5,0.0,0.3,42,2019-04-15 09:32:57,2024-07-13 13:56:34,2024-07-14 04:52:44,2025-08-21 06:48:08,wc-cancelled | wc-completed | wc-failed | wc-pending | wc-pickup | wc-ready-pickup | wc-refunded,cosine,1,6.0,"{""epochs"": 2, ""learning_rate"": 0.05, ""n_components"": 48, ""negative_samples"": 2, ""p"": 1.0, ""q"": 1.0, ""random_state"": 42, ""walk_length"": 8, ""walks_per_node"": 2, ""window_size"": 3}","{""adamic_adar"": 0.0, ""copurchase"": 0.2, ""metadata"": 0.3, ""product2vec"": 0.5}","{""Κατηγορίες προϊόντων"": 0.35, ""Μάρκες"": 0.2, ""Προϊόν Ήρωας"": 0.15, ""Προϊόν Ηλικία"": 0.25, ""Προϊόν Φύλλο"": 0.05}",10
10.0,76.0,0.03289473684210526,0.32894736842105265,0.32894736842105265,0.2449561403508772,15.981065436467265,0.10965186574942673,heterogeneous_weight_candidate,0.2,0.5,0.1,0.2,42,2019-04-15 09:32:57,2024-07-13 13:56:34,2024-07-14 04:52:44,2025-08-21 06:48:08,wc-cancelled | wc-completed | wc-failed | wc-pending | wc-pickup | wc-ready-pickup | wc-refunded,cosine,1,6.0,"{""epochs"": 2, ""learning_rate"": 0.05, ""n_components"": 48, ""negative_samples"": 2, ""p"": 1.0, ""q"": 1.0, ""random_state"": 42, ""walk_length"": 8, ""walks_per_node"": 2, ""window_size"": 3}","{""adamic_adar"": 0.1, ""copurchase"": 0.2, ""metadata"": 0.2, ""product2vec"": 0.5}","{""Κατηγορίες προϊόντων"": 0.35, ""Μάρκες"": 0.2, ""Προϊόν Ήρωας"": 0.15, ""Προϊόν Ηλικία"": 0.25, ""Προϊόν Φύλλο"": 0.05}",10
10.0,76.0,0.030263157894736843,0.3026315789473684,0.3026315789473684,0.23574561403508773,17.517561931496445,0.10965186574942673,heterogeneous_weight_candidate,0.2,0.5,0.2,0.1,42,2019-04-15 09:32:57,2024-07-13 13:56:34,2024-07-14 04:52:44,2025-08-21 06:48:08,wc-cancelled | wc-completed | wc-failed | wc-pending | wc-pickup | wc-ready-pickup | wc-refunded,cosine,1,6.0,"{""epochs"": 2, ""learning_rate"": 0.05, ""n_components"": 48, ""negative_samples"": 2, ""p"": 1.0, ""q"": 1.0, ""random_state"": 42, ""walk_length"": 8, ""walks_per_node"": 2, ""window_size"": 3}","{""adamic_adar"": 0.2, ""copurchase"": 0.2, ""metadata"": 0.1, ""product2vec"": 0.5}","{""Κατηγορίες προϊόντων"": 0.35, ""Μάρκες"": 0.2, ""Προϊόν Ήρωας"": 0.15, ""Προϊόν Ηλικία"": 0.25, ""Προϊόν Φύλλο"": 0.05}",10
10.0,76.0,0.02894736842105263,0.2894736842105263,0.2894736842105263,0.1607456140350877,18.75116903327891,0.1104857202418178,heterogeneous_weight_candidate,0.2,0.5,0.3,0.0,42,2019-04-15 09:32:57,2024-07-13 13:56:34,2024-07-14 04:52:44,2025-08-21 06:48:08,wc-cancelled | wc-completed | wc-failed | wc-pending | wc-pickup | wc-ready-pickup | wc-refunded,cosine,1,6.0,"{""epochs"": 2, ""learning_rate"": 0.05, ""n_components"": 48, ""negative_samples"": 2, ""p"": 1.0, ""q"": 1.0, ""random_state"": 42, ""walk_length"": 8, ""walks_per_node"": 2, ""window_size"": 3}","{""adamic_adar"": 0.3, ""copurchase"": 0.2, ""metadata"": 0.0, ""product2vec"": 0.5}","{""Κατηγορίες προϊόντων"": 0.35, ""Μάρκες"": 0.2, ""Προϊόν Ήρωας"": 0.15, ""Προϊόν Ηλικία"": 0.25, ""Προϊόν Φύλλο"": 0.05}",10
10.0,76.0,0.031578947368421054,0.3157894736842105,0.3157894736842105,0.24093567251461986,17.481505802513183,0.1111111111111111,heterogeneous_weight_candidate,0.2,0.6,0.0,0.2,42,2019-04-15 09:32:57,2024-07-13 13:56:34,2024-07-14 04:52:44,2025-08-21 06:48:08,wc-cancelled | wc-completed | wc-failed | wc-pending | wc-pickup | wc-ready-pickup | wc-refunded,cosine,1,6.0,"{""epochs"": 2, ""learning_rate"": 0.05, ""n_components"": 48, ""negative_samples"": 2, ""p"": 1.0, ""q"": 1.0, ""random_state"": 42, ""walk_length"": 8, ""walks_per_node"": 2, ""window_size"": 3}","{""adamic_adar"": 0.0, ""copurchase"": 0.2, ""metadata"": 0.2, ""product2vec"": 0.6}","{""Κατηγορίες προϊόντων"": 0.35, ""Μάρκες"": 0.2, ""Προϊόν Ήρωας"": 0.15, ""Προϊόν Ηλικία"": 0.25, ""Προϊόν Φύλλο"": 0.05}",10
10.0,76.0,0.030263157894736843,0.3026315789473684,0.3026315789473684,0.23618421052631577,19.01897761531726,0.10902647488013342,heterogeneous_weight_candidate,0.2,0.6,0.1,0.1,42,2019-04-15 09:32:57,2024-07-13 13:56:34,2024-07-14 04:52:44,2025-08-21 06:48:08,wc-cancelled | wc-completed | wc-failed | wc-pending | wc-pickup | wc-ready-pickup | wc-refunded,cosine,1,6.0,"{""epochs"": 2, ""learning_rate"": 0.05, ""n_components"": 48, ""negative_samples"": 2, ""p"": 1.0, ""q"": 1.0, ""random_state"": 42, ""walk_length"": 8, ""walks_per_node"": 2, ""window_size"": 3}","{""adamic_adar"": 0.1, ""copurchase"": 0.2, ""metadata"": 0.1, ""product2vec"": 0.6}","{""Κατηγορίες προϊόντων"": 0.35, ""Μάρκες"": 0.2, ""Προϊόν Ήρωας"": 0.15, ""Προϊόν Ηλικία"": 0.25, ""Προϊόν Φύλλο"": 0.05}",10
10.0,76.0,0.031578947368421054,0.3157894736842105,0.3157894736842105,0.20109649122807016,19.95054747793646,0.10860954763393788,heterogeneous_weight_candidate,0.2,0.6,0.2,0.0,42,2019-04-15 09:32:57,2024-07-13 13:56:34,2024-07-14 04:52:44,2025-08-21 06:48:08,wc-cancelled | wc-completed | wc-failed | wc-pending | wc-pickup | wc-ready-pickup | wc-refunded,cosine,1,6.0,"{""epochs"": 2, ""learning_rate"": 0.05, ""n_components"": 48, ""negative_samples"": 2, ""p"": 1.0, ""q"": 1.0, ""random_state"": 42, ""walk_length"": 8, ""walks_per_node"": 2, ""window_size"": 3}","{""adamic_adar"": 0.2, ""copurchase"": 0.2, ""metadata"": 0.0, ""product2vec"": 0.6}","{""Κατηγορίες προϊόντων"": 0.35, ""Μάρκες"": 0.2, ""Προϊόν Ήρωας"": 0.15, ""Προϊόν Ηλικία"": 0.25, ""Προϊόν Φύλλο"": 0.05}",10
10.0,76.0,0.031578947368421054,0.3157894736842105,0.3157894736842105,0.23501461988304093,19.009259384722892,0.10860954763393788,heterogeneous_weight_candidate,0.2,0.7,0.0,0.1,42,2019-04-15 09:32:57,2024-07-13 13:56:34,2024-07-14 04:52:44,2025-08-21 06:48:08,wc-cancelled | wc-completed | wc-failed | wc-pending | wc-pickup | wc-ready-pickup | wc-refunded,cosine,1,6.0,"{""epochs"": 2, ""learning_rate"": 0.05, ""n_components"": 48, ""negative_samples"": 2, ""p"": 1.0, ""q"": 1.0, ""random_state"": 42, ""walk_length"": 8, ""walks_per_node"": 2, ""window_size"": 3}","{""adamic_adar"": 0.0, ""copurchase"": 0.2, ""metadata"": 0.1, ""product2vec"": 0.7}","{""Κατηγορίες προϊόντων"": 0.35, ""Μάρκες"": 0.2, ""Προϊόν Ήρωας"": 0.15, ""Προϊόν Ηλικία"": 0.25, ""Προϊόν Φύλλο"": 0.05}",10
10.0,76.0,0.031578947368421054,0.3157894736842105,0.3157894736842105,0.20679824561403506,19.94002375506267,0.10840108401084012,heterogeneous_weight_candidate,0.2,0.7,0.1,0.0,42,2019-04-15 09:32:57,2024-07-13 13:56:34,2024-07-14 04:52:44,2025-08-21 06:48:08,wc-cancelled | wc-completed | wc-failed | wc-pending | wc-pickup | wc-ready-pickup | wc-refunded,cosine,1,6.0,"{""epochs"": 2, ""learning_rate"": 0.05, ""n_components"": 48, ""negative_samples"": 2, ""p"": 1.0, ""q"": 1.0, ""random_state"": 42, ""walk_length"": 8, ""walks_per_node"": 2, ""window_size"": 3}","{""adamic_adar"": 0.1, ""copurchase"": 0.2, ""metadata"": 0.0, ""product2vec"": 0.7}","{""Κατηγορίες προϊόντων"": 0.35, ""Μάρκες"": 0.2, ""Προϊόν Ήρωας"": 0.15, ""Προϊόν Ηλικία"": 0.25, ""Προϊόν Φύλλο"": 0.05}",10
10.0,76.0,0.031578947368421054,0.3157894736842105,0.3157894736842105,0.20723684210526314,19.92992762857762,0.10840108401084012,heterogeneous_weight_candidate,0.2,0.8,0.0,0.0,42,2019-04-15 09:32:57,2024-07-13 13:56:34,2024-07-14 04:52:44,2025-08-21 06:48:08,wc-cancelled | wc-completed | wc-failed | wc-pending | wc-pickup | wc-ready-pickup | wc-refunded,cosine,1,6.0,"{""epochs"": 2, ""learning_rate"": 0.05, ""n_components"": 48, ""negative_samples"": 2, ""p"": 1.0, ""q"": 1.0, ""random_state"": 42, ""walk_length"": 8, ""walks_per_node"": 2, ""window_size"": 3}","{""adamic_adar"": 0.0, ""copurchase"": 0.2, ""metadata"": 0.0, ""product2vec"": 0.8}","{""Κατηγορίες προϊόντων"": 0.35, ""Μάρκες"": 0.2, ""Προϊόν Ήρωας"": 0.15, ""Προϊόν Ηλικία"": 0.25, ""Προϊόν Φύλλο"": 0.05}",10
10.0,76.0,0.035526315789473684,0.35526315789473684,0.35526315789473684,0.25113304093567246,13.528831932014315,0.10986032937252449,heterogeneous_weight_candidate,0.3,0.3,0.1,0.3,42,2019-04-15 09:32:57,2024-07-13 13:56:34,2024-07-14 04:52:44,2025-08-21 06:48:08,wc-cancelled | wc-completed | wc-failed | wc-pending | wc-pickup | wc-ready-pickup | wc-refunded,cosine,1,6.0,"{""epochs"": 2, ""learning_rate"": 0.05, ""n_components"": 48, ""negative_samples"": 2, ""p"": 1.0, ""q"": 1.0, ""random_state"": 42, ""walk_length"": 8, ""walks_per_node"": 2, ""window_size"": 3}","{""adamic_adar"": 0.1, ""copurchase"": 0.3, ""metadata"": 0.3, ""product2vec"": 0.3}","{""Κατηγορίες προϊόντων"": 0.35, ""Μάρκες"": 0.2, ""Προϊόν Ήρωας"": 0.15, ""Προϊόν Ηλικία"": 0.25, ""Προϊόν Φύλλο"": 0.05}",10
10.0,76.0,0.035526315789473684,0.35526315789473684,0.35526315789473684,0.24994256474519633,14.760292860540613,0.1111111111111111,heterogeneous_weight_candidate,0.3,0.3,0.2,0.2,42,2019-04-15 09:32:57,2024-07-13 13:56:34,2024-07-14 04:52:44,2025-08-21 06:48:08,wc-cancelled | wc-completed | wc-failed | wc-pending | wc-pickup | wc-ready-pickup | wc-refunded,cosine,1,6.0,"{""epochs"": 2, ""learning_rate"": 0.05, ""n_components"": 48, ""negative_samples"": 2, ""p"": 1.0, ""q"": 1.0, ""random_state"": 42, ""walk_length"": 8, ""walks_per_node"": 2, ""window_size"": 3}","{""adamic_adar"": 0.2, ""copurchase"": 0.3, ""metadata"": 0.2, ""product2vec"": 0.3}","{""Κατηγορίες προϊόντων"": 0.35, ""Μάρκες"": 0.2, ""Προϊόν Ήρωας"": 0.15, ""Προϊόν Ηλικία"": 0.25, ""Προϊόν Φύλλο"": 0.05}",10
10.0,76.0,0.035526315789473684,0.35526315789473684,0.35526315789473684,0.2569966583124478,16.599329909900437,0.11152803835730665,heterogeneous_weight_candidate,0.3,0.3,0.3,0.1,42,2019-04-15 09:32:57,2024-07-13 13:56:34,2024-07-14 04:52:44,2025-08-21 06:48:08,wc-cancelled | wc-completed | wc-failed | wc-pending | wc-pickup | wc-ready-pickup | wc-refunded,cosine,1,6.0,"{""epochs"": 2, ""learning_rate"": 0.05, ""n_components"": 48, ""negative_samples"": 2, ""p"": 1.0, ""q"": 1.0, ""random_state"": 42, ""walk_length"": 8, ""walks_per_node"": 2, ""window_size"": 3}","{""adamic_adar"": 0.3, ""copurchase"": 0.3, ""metadata"": 0.1, ""product2vec"": 0.3}","{""Κατηγορίες προϊόντων"": 0.35, ""Μάρκες"": 0.2, ""Προϊόν Ήρωας"": 0.15, ""Προϊόν Ηλικία"": 0.25, ""Προϊόν Φύλλο"": 0.05}",10
10.0,76.0,0.031578947368421054,0.3157894736842105,0.3157894736842105,0.1531954887218045,18.741375960867575,0.11194496560350219,heterogeneous_weight_candidate,0.3,0.3,0.4,0.0,42,2019-04-15 09:32:57,2024-07-13 13:56:34,2024-07-14 04:52:44,2025-08-21 06:48:08,wc-cancelled | wc-completed | wc-failed | wc-pending | wc-pickup | wc-ready-pickup | wc-refunded,cosine,1,6.0,"{""epochs"": 2, ""learning_rate"": 0.05, ""n_components"": 48, ""negative_samples"": 2, ""p"": 1.0, ""q"": 1.0, ""random_state"": 42, ""walk_length"": 8, ""walks_per_node"": 2, ""window_size"": 3}","{""adamic_adar"": 0.4, ""copurchase"": 0.3, ""metadata"": 0.0, ""product2vec"": 0.3}","{""Κατηγορίες προϊόντων"": 0.35, ""Μάρκες"": 0.2, ""Προϊόν Ήρωας"": 0.15, ""Προϊόν Ηλικία"": 0.25, ""Προϊόν Φύλλο"": 0.05}",10
10.0,76.0,0.035526315789473684,0.35526315789473684,0.35526315789473684,0.2513680033416876,15.029887837215309,0.11340421096518657,heterogeneous_weight_candidate,0.3,0.4,0.0,0.3,42,2019-04-15 09:32:57,2024-07-13 13:56:34,2024-07-14 04:52:44,2025-08-21 06:48:08,wc-cancelled | wc-completed | wc-failed | wc-pending | wc-pickup | wc-ready-pickup | wc-refunded,cosine,1,6.0,"{""epochs"": 2, ""learning_rate"": 0.05, ""n_components"": 48, ""negative_samples"": 2, ""p"": 1.0, ""q"": 1.0, ""random_state"": 42, ""walk_length"": 8, ""walks_per_node"": 2, ""window_size"": 3}","{""adamic_adar"": 0.0, ""copurchase"": 0.3, ""metadata"": 0.3, ""product2vec"": 0.4}","{""Κατηγορίες προϊόντων"": 0.35, ""Μάρκες"": 0.2, ""Προϊόν Ήρωας"": 0.15, ""Προϊόν Ηλικία"": 0.25, ""Προϊόν Φύλλο"": 0.05}",10
10.0,76.0,0.034210526315789476,0.34210526315789475,0.34210526315789475,0.24815162907268168,15.659476437594325,0.1111111111111111,heterogeneous_weight_candidate,0.3,0.4,0.1,0.2,42,2019-04-15 09:32:57,2024-07-13 13:56:34,2024-07-14 04:52:44,2025-08-21 06:48:08,wc-cancelled | wc-completed | wc-failed | wc-pending | wc-pickup | wc-ready-pickup | wc-refunded,cosine,1,6.0,"{""epochs"": 2, ""learning_rate"": 0.05, ""n_components"": 48, ""negative_samples"": 2, ""p"": 1.0, ""q"": 1.0, ""random_state"": 42, ""walk_length"": 8, ""walks_per_node"": 2, ""window_size"": 3}","{""adamic_adar"": 0.1, ""copurchase"": 0.3, ""metadata"": 0.2, ""product2vec"": 0.4}","{""Κατηγορίες προϊόντων"": 0.35, ""Μάρκες"": 0.2, ""Προϊόν Ήρωας"": 0.15, ""Προϊόν Ηλικία"": 0.25, ""Προϊόν Φύλλο"": 0.05}",10
10.0,76.0,0.031578947368421054,0.3157894736842105,0.3157894736842105,0.24420426065162903,16.894280818290472,0.11090264748801335,heterogeneous_weight_candidate,0.3,0.4,0.2,0.1,42,2019-04-15 09:32:57,2024-07-13 13:56:34,2024-07-14 04:52:44,2025-08-21 06:48:08,wc-cancelled | wc-completed | wc-failed | wc-pending | wc-pickup | wc-ready-pickup | wc-refunded,cosine,1,6.0,"{""epochs"": 2, ""learning_rate"": 0.05, ""n_components"": 48, ""negative_samples"": 2, ""p"": 1.0, ""q"": 1.0, ""random_state"": 42, ""walk_length"": 8, ""walks_per_node"": 2, ""window_size"": 3}","{""adamic_adar"": 0.2, ""copurchase"": 0.3, ""metadata"": 0.1, ""product2vec"": 0.4}","{""Κατηγορίες προϊόντων"": 0.35, ""Μάρκες"": 0.2, ""Προϊόν Ήρωας"": 0.15, ""Προϊόν Ηλικία"": 0.25, ""Προϊόν Φύλλο"": 0.05}",10
10.0,76.0,0.034210526315789476,0.34210526315789475,0.34210526315789475,0.21571637426900586,18.732148369744404,0.10965186574942673,heterogeneous_weight_candidate,0.3,0.4,0.3,0.0,42,2019-04-15 09:32:57,2024-07-13 13:56:34,2024-07-14 04:52:44,2025-08-21 06:48:08,wc-cancelled | wc-completed | wc-failed | wc-pending | wc-pickup | wc-ready-pickup | wc-refunded,cosine,1,6.0,"{""epochs"": 2, ""learning_rate"": 0.05, ""n_components"": 48, ""negative_samples"": 2, ""p"": 1.0, ""q"": 1.0, ""random_state"": 42, ""walk_length"": 8, ""walks_per_node"": 2, ""window_size"": 3}","{""adamic_adar"": 0.3, ""copurchase"": 0.3, ""metadata"": 0.0, ""product2vec"": 0.4}","{""Κατηγορίες προϊόντων"": 0.35, ""Μάρκες"": 0.2, ""Προϊόν Ήρωας"": 0.15, ""Προϊόν Ηλικία"": 0.25, ""Προϊόν Φύλλο"": 0.05}",10
10.0,76.0,0.03289473684210526,0.32894736842105265,0.32894736842105265,0.24714912280701756,15.953305184311375,0.1104857202418178,heterogeneous_weight_candidate,0.3,0.5,0.0,0.2,42,2019-04-15 09:32:57,2024-07-13 13:56:34,2024-07-14 04:52:44,2025-08-21 06:48:08,wc-cancelled | wc-completed | wc-failed | wc-pending | wc-pickup | wc-ready-pickup | wc-refunded,cosine,1,6.0,"{""epochs"": 2, ""learning_rate"": 0.05, ""n_components"": 48, ""negative_samples"": 2, ""p"": 1.0, ""q"": 1.0, ""random_state"": 42, ""walk_length"": 8, ""walks_per_node"": 2, ""window_size"": 3}","{""adamic_adar"": 0.0, ""copurchase"": 0.3, ""metadata"": 0.2, ""product2vec"": 0.5}","{""Κατηγορίες προϊόντων"": 0.35, ""Μάρκες"": 0.2, ""Προϊόν Ήρωας"": 0.15, ""Προϊόν Ηλικία"": 0.25, ""Προϊόν Φύλλο"": 0.05}",10
10.0,76.0,0.031578947368421054,0.3157894736842105,0.3157894736842105,0.24232456140350878,17.791572134054917,0.10986032937252449,heterogeneous_weight_candidate,0.3,0.5,0.1,0.1,42,2019-04-15 09:32:57,2024-07-13 13:56:34,2024-07-14 04:52:44,2025-08-21 06:48:08,wc-cancelled | wc-completed | wc-failed | wc-pending | wc-pickup | wc-ready-pickup | wc-refunded,cosine,1,6.0,"{""epochs"": 2, ""learning_rate"": 0.05, ""n_components"": 48, ""negative_samples"": 2, ""p"": 1.0, ""q"": 1.0, ""random_state"": 42, ""walk_length"": 8, ""walks_per_node"": 2, ""window_size"": 3}","{""adamic_adar"": 0.1, ""copurchase"": 0.3, ""metadata"": 0.1, ""product2vec"": 0.5}","{""Κατηγορίες προϊόντων"": 0.35, ""Μάρκες"": 0.2, ""Προϊόν Ήρωας"": 0.15, ""Προϊόν Ηλικία"": 0.25, ""Προϊόν Φύλλο"": 0.05}",10
10.0,76.0,0.03289473684210526,0.32894736842105265,0.32894736842105265,0.22214912280701754,19.328287468943934,0.10902647488013342,heterogeneous_weight_candidate,0.3,0.5,0.2,0.0,42,2019-04-15 09:32:57,2024-07-13 13:56:34,2024-07-14 04:52:44,2025-08-21 06:48:08,wc-cancelled | wc-completed | wc-failed | wc-pending | wc-pickup | wc-ready-pickup | wc-refunded,cosine,1,6.0,"{""epochs"": 2, ""learning_rate"": 0.05, ""n_components"": 48, ""negative_samples"": 2, ""p"": 1.0, ""q"": 1.0, ""random_state"": 42, ""walk_length"": 8, ""walks_per_node"": 2, ""window_size"": 3}","{""adamic_adar"": 0.2, ""copurchase"": 0.3, ""metadata"": 0.0, ""product2vec"": 0.5}","{""Κατηγορίες προϊόντων"": 0.35, ""Μάρκες"": 0.2, ""Προϊόν Ήρωας"": 0.15, ""Προϊόν Ηλικία"": 0.25, ""Προϊόν Φύλλο"": 0.05}",10
10.0,76.0,0.031578947368421054,0.3157894736842105,0.3157894736842105,0.24276315789473682,18.38758706391814,0.10965186574942673,heterogeneous_weight_candidate,0.3,0.6,0.0,0.1,42,2019-04-15 09:32:57,2024-07-13 13:56:34,2024-07-14 04:52:44,2025-08-21 06:48:08,wc-cancelled | wc-completed | wc-failed | wc-pending | wc-pickup | wc-ready-pickup | wc-refunded,cosine,1,6.0,"{""epochs"": 2, ""learning_rate"": 0.05, ""n_components"": 48, ""negative_samples"": 2, ""p"": 1.0, ""q"": 1.0, ""random_state"": 42, ""walk_length"": 8, ""walks_per_node"": 2, ""window_size"": 3}","{""adamic_adar"": 0.0, ""copurchase"": 0.3, ""metadata"": 0.1, ""product2vec"": 0.6}","{""Κατηγορίες προϊόντων"": 0.35, ""Μάρκες"": 0.2, ""Προϊόν Ήρωας"": 0.15, ""Προϊόν Ηλικία"": 0.25, ""Προϊόν Φύλλο"": 0.05}",10
10.0,76.0,0.03289473684210526,0.32894736842105265,0.32894736842105265,0.2155701754385965,19.318820045743582,0.10860954763393788,heterogeneous_weight_candidate,0.3,0.6,0.1,0.0,42,2019-04-15 09:32:57,2024-07-13 13:56:34,2024-07-14 04:52:44,2025-08-21 06:48:08,wc-cancelled | wc-completed | wc-failed | wc-pending | wc-pickup | wc-ready-pickup | wc-refunded,cosine,1,6.0,"{""epochs"": 2, ""learning_rate"": 0.05, ""n_components"": 48, ""negative_samples"": 2, ""p"": 1.0, ""q"": 1.0, ""random_state"": 42, ""walk_length"": 8, ""walks_per_node"": 2, ""window_size"": 3}","{""adamic_adar"": 0.1, ""copurchase"": 0.3, ""metadata"": 0.0, ""product2vec"": 0.6}","{""Κατηγορίες προϊόντων"": 0.35, ""Μάρκες"": 0.2, ""Προϊόν Ήρωας"": 0.15, ""Προϊόν Ηλικία"": 0.25, ""Προϊόν Φύλλο"": 0.05}",10
10.0,76.0,0.031578947368421054,0.3157894736842105,0.3157894736842105,0.20899122807017542,19.309859713135882,0.10923493850323118,heterogeneous_weight_candidate,0.3,0.7,0.0,0.0,42,2019-04-15 09:32:57,2024-07-13 13:56:34,2024-07-14 04:52:44,2025-08-21 06:48:08,wc-cancelled | wc-completed | wc-failed | wc-pending | wc-pickup | wc-ready-pickup | wc-refunded,cosine,1,6.0,"{""epochs"": 2, ""learning_rate"": 0.05, ""n_components"": 48, ""negative_samples"": 2, ""p"": 1.0, ""q"": 1.0, ""random_state"": 42, ""walk_length"": 8, ""walks_per_node"": 2, ""window_size"": 3}","{""adamic_adar"": 0.0, ""copurchase"": 0.3, ""metadata"": 0.0, ""product2vec"": 0.7}","{""Κατηγορίες προϊόντων"": 0.35, ""Μάρκες"": 0.2, ""Προϊόν Ήρωας"": 0.15, ""Προϊόν Ηλικία"": 0.25, ""Προϊόν Φύλλο"": 0.05}",10
10.0,76.0,0.039473684210526314,0.39473684210526316,0.39473684210526316,0.2551535087719299,13.50277331208692,0.11027725661872004,heterogeneous_weight_candidate,0.4,0.3,0.0,0.3,42,2019-04-15 09:32:57,2024-07-13 13:56:34,2024-07-14 04:52:44,2025-08-21 06:48:08,wc-cancelled | wc-completed | wc-failed | wc-pending | wc-pickup | wc-ready-pickup | wc-refunded,cosine,1,6.0,"{""epochs"": 2, ""learning_rate"": 0.05, ""n_components"": 48, ""negative_samples"": 2, ""p"": 1.0, ""q"": 1.0, ""random_state"": 42, ""walk_length"": 8, ""walks_per_node"": 2, ""window_size"": 3}","{""adamic_adar"": 0.0, ""copurchase"": 0.4, ""metadata"": 0.3, ""product2vec"": 0.3}","{""Κατηγορίες προϊόντων"": 0.35, ""Μάρκες"": 0.2, ""Προϊόν Ήρωας"": 0.15, ""Προϊόν Ηλικία"": 0.25, ""Προϊόν Φύλλο"": 0.05}",10
10.0,76.0,0.035526315789473684,0.35526315789473684,0.35526315789473684,0.2576023391812865,15.036245025628864,0.11173650198040443,heterogeneous_weight_candidate,0.4,0.3,0.1,0.2,42,2019-04-15 09:32:57,2024-07-13 13:56:34,2024-07-14 04:52:44,2025-08-21 06:48:08,wc-cancelled | wc-completed | wc-failed | wc-pending | wc-pickup | wc-ready-pickup | wc-refunded,cosine,1,6.0,"{""epochs"": 2, ""learning_rate"": 0.05, ""n_components"": 48, ""negative_samples"": 2, ""p"": 1.0, ""q"": 1.0, ""random_state"": 42, ""walk_length"": 8, ""walks_per_node"": 2, ""window_size"": 3}","{""adamic_adar"": 0.1, ""copurchase"": 0.4, ""metadata"": 0.2, ""product2vec"": 0.3}","{""Κατηγορίες προϊόντων"": 0.35, ""Μάρκες"": 0.2, ""Προϊόν Ήρωας"": 0.15, ""Προϊόν Ηλικία"": 0.25, ""Προϊόν Φύλλο"": 0.05}",10
10.0,76.0,0.035526315789473684,0.35526315789473684,0.35526315789473684,0.2600511695906433,16.571975711017057,0.1111111111111111,heterogeneous_weight_candidate,0.4,0.3,0.2,0.1,42,2019-04-15 09:32:57,2024-07-13 13:56:34,2024-07-14 04:52:44,2025-08-21 06:48:08,wc-cancelled | wc-completed | wc-failed | wc-pending | wc-pickup | wc-ready-pickup | wc-refunded,cosine,1,6.0,"{""epochs"": 2, ""learning_rate"": 0.05, ""n_components"": 48, ""negative_samples"": 2, ""p"": 1.0, ""q"": 1.0, ""random_state"": 42, ""walk_length"": 8, ""walks_per_node"": 2, ""window_size"": 3}","{""adamic_adar"": 0.2, ""copurchase"": 0.4, ""metadata"": 0.1, ""product2vec"": 0.3}","{""Κατηγορίες προϊόντων"": 0.35, ""Μάρκες"": 0.2, ""Προϊόν Ήρωας"": 0.15, ""Προϊόν Ηλικία"": 0.25, ""Προϊόν Φύλλο"": 0.05}",10
10.0,76.0,0.035526315789473684,0.35526315789473684,0.35526315789473684,0.2206140350877193,18.71377935001199,0.1111111111111111,heterogeneous_weight_candidate,0.4,0.3,0.3,0.0,42,2019-04-15 09:32:57,2024-07-13 13:56:34,2024-07-14 04:52:44,2025-08-21 06:48:08,wc-cancelled | wc-completed | wc-failed | wc-pending | wc-pickup | wc-ready-pickup | wc-refunded,cosine,1,6.0,"{""epochs"": 2, ""learning_rate"": 0.05, ""n_components"": 48, ""negative_samples"": 2, ""p"": 1.0, ""q"": 1.0, ""random_state"": 42, ""walk_length"": 8, ""walks_per_node"": 2, ""window_size"": 3}","{""adamic_adar"": 0.3, ""copurchase"": 0.4, ""metadata"": 0.0, ""product2vec"": 0.3}","{""Κατηγορίες προϊόντων"": 0.35, ""Μάρκες"": 0.2, ""Προϊόν Ήρωας"": 0.15, ""Προϊόν Ηλικία"": 0.25, ""Προϊόν Φύλλο"": 0.05}",10
10.0,76.0,0.035526315789473684,0.35526315789473684,0.35526315789473684,0.2512061403508772,15.93352365180339,0.11069418386491557,heterogeneous_weight_candidate,0.4,0.4,0.0,0.2,42,2019-04-15 09:32:57,2024-07-13 13:56:34,2024-07-14 04:52:44,2025-08-21 06:48:08,wc-cancelled | wc-completed | wc-failed | wc-pending | wc-pickup | wc-ready-pickup | wc-refunded,cosine,1,6.0,"{""epochs"": 2, ""learning_rate"": 0.05, ""n_components"": 48, ""negative_samples"": 2, ""p"": 1.0, ""q"": 1.0, ""random_state"": 42, ""walk_length"": 8, ""walks_per_node"": 2, ""window_size"": 3}","{""adamic_adar"": 0.0, ""copurchase"": 0.4, ""metadata"": 0.2, ""product2vec"": 0.4}","{""Κατηγορίες προϊόντων"": 0.35, ""Μάρκες"": 0.2, ""Προϊόν Ήρωας"": 0.15, ""Προϊόν Ηλικία"": 0.25, ""Προϊόν Φύλλο"": 0.05}",10
10.0,76.0,0.03289473684210526,0.32894736842105265,0.32894736842105265,0.25383771929824556,17.470939380019,0.1104857202418178,heterogeneous_weight_candidate,0.4,0.4,0.1,0.1,42,2019-04-15 09:32:57,2024-07-13 13:56:34,2024-07-14 04:52:44,2025-08-21 06:48:08,wc-cancelled | wc-completed | wc-failed | wc-pending | wc-pickup | wc-ready-pickup | wc-refunded,cosine,1,6.0,"{""epochs"": 2, ""learning_rate"": 0.05, ""n_components"": 48, ""negative_samples"": 2, ""p"": 1.0, ""q"": 1.0, ""random_state"": 42, ""walk_length"": 8, ""walks_per_node"": 2, ""window_size"": 3}","{""adamic_adar"": 0.1, ""copurchase"": 0.4, ""metadata"": 0.1, ""product2vec"": 0.4}","{""Κατηγορίες προϊόντων"": 0.35, ""Μάρκες"": 0.2, ""Προϊόν Ήρωας"": 0.15, ""Προϊόν Ηλικία"": 0.25, ""Προϊόν Φύλλο"": 0.05}",10
10.0,76.0,0.034210526315789476,0.34210526315789475,0.34210526315789475,0.22141812865497074,18.705929524160535,0.11027725661872004,heterogeneous_weight_candidate,0.4,0.4,0.2,0.0,42,2019-04-15 09:32:57,2024-07-13 13:56:34,2024-07-14 04:52:44,2025-08-21 06:48:08,wc-cancelled | wc-completed | wc-failed | wc-pending | wc-pickup | wc-ready-pickup | wc-refunded,cosine,1,6.0,"{""epochs"": 2, ""learning_rate"": 0.05, ""n_components"": 48, ""negative_samples"": 2, ""p"": 1.0, ""q"": 1.0, ""random_state"": 42, ""walk_length"": 8, ""walks_per_node"": 2, ""window_size"": 3}","{""adamic_adar"": 0.2, ""copurchase"": 0.4, ""metadata"": 0.0, ""product2vec"": 0.4}","{""Κατηγορίες προϊόντων"": 0.35, ""Μάρκες"": 0.2, ""Προϊόν Ήρωας"": 0.15, ""Προϊόν Ηλικία"": 0.25, ""Προϊόν Φύλλο"": 0.05}",10
10.0,76.0,0.03289473684210526,0.32894736842105265,0.32894736842105265,0.2498172514619883,17.76440971421514,0.11006879299562226,heterogeneous_weight_candidate,0.4,0.5,0.0,0.1,42,2019-04-15 09:32:57,2024-07-13 13:56:34,2024-07-14 04:52:44,2025-08-21 06:48:08,wc-cancelled | wc-completed | wc-failed | wc-pending | wc-pickup | wc-ready-pickup | wc-refunded,cosine,1,6.0,"{""epochs"": 2, ""learning_rate"": 0.05, ""n_components"": 48, ""negative_samples"": 2, ""p"": 1.0, ""q"": 1.0, ""random_state"": 42, ""walk_length"": 8, ""walks_per_node"": 2, ""window_size"": 3}","{""adamic_adar"": 0.0, ""copurchase"": 0.4, ""metadata"": 0.1, ""product2vec"": 0.5}","{""Κατηγορίες προϊόντων"": 0.35, ""Μάρκες"": 0.2, ""Προϊόν Ήρωας"": 0.15, ""Προϊόν Ηλικία"": 0.25, ""Προϊόν Φύλλο"": 0.05}",10
10.0,76.0,0.034210526315789476,0.34210526315789475,0.34210526315789475,0.21648391812865495,19.30054051040956,0.10944340212632896,heterogeneous_weight_candidate,0.4,0.5,0.1,0.0,42,2019-04-15 09:32:57,2024-07-13 13:56:34,2024-07-14 04:52:44,2025-08-21 06:48:08,wc-cancelled | wc-completed | wc-failed | wc-pending | wc-pickup | wc-ready-pickup | wc-refunded,cosine,1,6.0,"{""epochs"": 2, ""learning_rate"": 0.05, ""n_components"": 48, ""negative_samples"": 2, ""p"": 1.0, ""q"": 1.0, ""random_state"": 42, ""walk_length"": 8, ""walks_per_node"": 2, ""window_size"": 3}","{""adamic_adar"": 0.1, ""copurchase"": 0.4, ""metadata"": 0.0, ""product2vec"": 0.5}","{""Κατηγορίες προϊόντων"": 0.35, ""Μάρκες"": 0.2, ""Προϊόν Ήρωας"": 0.15, ""Προϊόν Ηλικία"": 0.25, ""Προϊόν Φύλλο"": 0.05}",10
10.0,76.0,0.03289473684210526,0.32894736842105265,0.32894736842105265,0.22183583959899747,19.2915263953511,0.10944340212632896,heterogeneous_weight_candidate,0.4,0.6,0.0,0.0,42,2019-04-15 09:32:57,2024-07-13 13:56:34,2024-07-14 04:52:44,2025-08-21 06:48:08,wc-cancelled | wc-completed | wc-failed | wc-pending | wc-pickup | wc-ready-pickup | wc-refunded,cosine,1,6.0,"{""epochs"": 2, ""learning_rate"": 0.05, ""n_components"": 48, ""negative_samples"": 2, ""p"": 1.0, ""q"": 1.0, ""random_state"": 42, ""walk_length"": 8, ""walks_per_node"": 2, ""window_size"": 3}","{""adamic_adar"": 0.0, ""copurchase"": 0.4, ""metadata"": 0.0, ""product2vec"": 0.6}","{""Κατηγορίες προϊόντων"": 0.35, ""Μάρκες"": 0.2, ""Προϊόν Ήρωας"": 0.15, ""Προϊόν Ηλικία"": 0.25, ""Προϊόν Φύλλο"": 0.05}",10
10.0,76.0,0.03684210526315789,0.3684210526315789,0.3684210526315789,0.2623538011695907,15.310861396902343,0.11152803835730665,heterogeneous_weight_candidate,0.5,0.3,0.0,0.2,42,2019-04-15 09:32:57,2024-07-13 13:56:34,2024-07-14 04:52:44,2025-08-21 06:48:08,wc-cancelled | wc-completed | wc-failed | wc-pending | wc-pickup | wc-ready-pickup | wc-refunded,cosine,1,6.0,"{""epochs"": 2, ""learning_rate"": 0.05, ""n_components"": 48, ""negative_samples"": 2, ""p"": 1.0, ""q"": 1.0, ""random_state"": 42, ""walk_length"": 8, ""walks_per_node"": 2, ""window_size"": 3}","{""adamic_adar"": 0.0, ""copurchase"": 0.5, ""metadata"": 0.2, ""product2vec"": 0.3}","{""Κατηγορίες προϊόντων"": 0.35, ""Μάρκες"": 0.2, ""Προϊόν Ήρωας"": 0.15, ""Προϊόν Ηλικία"": 0.25, ""Προϊόν Φύλλο"": 0.05}",10
10.0,76.0,0.034210526315789476,0.34210526315789475,0.34210526315789475,0.25182748538011696,16.84798314015307,0.1111111111111111,heterogeneous_weight_candidate,0.5,0.3,0.1,0.1,42,2019-04-15 09:32:57,2024-07-13 13:56:34,2024-07-14 04:52:44,2025-08-21 06:48:08,wc-cancelled | wc-completed | wc-failed | wc-pending | wc-pickup | wc-ready-pickup | wc-refunded,cosine,1,6.0,"{""epochs"": 2, ""learning_rate"": 0.05, ""n_components"": 48, ""negative_samples"": 2, ""p"": 1.0, ""q"": 1.0, ""random_state"": 42, ""walk_length"": 8, ""walks_per_node"": 2, ""window_size"": 3}","{""adamic_adar"": 0.1, ""copurchase"": 0.5, ""metadata"": 0.1, ""product2vec"": 0.3}","{""Κατηγορίες προϊόντων"": 0.35, ""Μάρκες"": 0.2, ""Προϊόν Ήρωας"": 0.15, ""Προϊόν Ηλικία"": 0.25, ""Προϊόν Φύλλο"": 0.05}",10
10.0,76.0,0.035526315789473684,0.35526315789473684,0.35526315789473684,0.223062865497076,18.6871522903417,0.11027725661872004,heterogeneous_weight_candidate,0.5,0.3,0.2,0.0,42,2019-04-15 09:32:57,2024-07-13 13:56:34,2024-07-14 04:52:44,2025-08-21 06:48:08,wc-cancelled | wc-completed | wc-failed | wc-pending | wc-pickup | wc-ready-pickup | wc-refunded,cosine,1,6.0,"{""epochs"": 2, ""learning_rate"": 0.05, ""n_components"": 48, ""negative_samples"": 2, ""p"": 1.0, ""q"": 1.0, ""random_state"": 42, ""walk_length"": 8, ""walks_per_node"": 2, ""window_size"": 3}","{""adamic_adar"": 0.2, ""copurchase"": 0.5, ""metadata"": 0.0, ""product2vec"": 0.3}","{""Κατηγορίες προϊόντων"": 0.35, ""Μάρκες"": 0.2, ""Προϊόν Ήρωας"": 0.15, ""Προϊόν Ηλικία"": 0.25, ""Προϊόν Φύλλο"": 0.05}",10
10.0,76.0,0.03289473684210526,0.32894736842105265,0.32894736842105265,0.2569444444444444,17.443384195887372,0.11173650198040443,heterogeneous_weight_candidate,0.5,0.4,0.0,0.1,42,2019-04-15 09:32:57,2024-07-13 13:56:34,2024-07-14 04:52:44,2025-08-21 06:48:08,wc-cancelled | wc-completed | wc-failed | wc-pending | wc-pickup | wc-ready-pickup | wc-refunded,cosine,1,6.0,"{""epochs"": 2, ""learning_rate"": 0.05, ""n_components"": 48, ""negative_samples"": 2, ""p"": 1.0, ""q"": 1.0, ""random_state"": 42, ""walk_length"": 8, ""walks_per_node"": 2, ""window_size"": 3}","{""adamic_adar"": 0.0, ""copurchase"": 0.5, ""metadata"": 0.1, ""product2vec"": 0.4}","{""Κατηγορίες προϊόντων"": 0.35, ""Μάρκες"": 0.2, ""Προϊόν Ήρωας"": 0.15, ""Προϊόν Ηλικία"": 0.25, ""Προϊόν Φύλλο"": 0.05}",10
10.0,76.0,0.034210526315789476,0.34210526315789475,0.34210526315789475,0.22141812865497074,19.282476966255597,0.1104857202418178,heterogeneous_weight_candidate,0.5,0.4,0.1,0.0,42,2019-04-15 09:32:57,2024-07-13 13:56:34,2024-07-14 04:52:44,2025-08-21 06:48:08,wc-cancelled | wc-completed | wc-failed | wc-pending | wc-pickup | wc-ready-pickup | wc-refunded,cosine,1,6.0,"{""epochs"": 2, ""learning_rate"": 0.05, ""n_components"": 48, ""negative_samples"": 2, ""p"": 1.0, ""q"": 1.0, ""random_state"": 42, ""walk_length"": 8, ""walks_per_node"": 2, ""window_size"": 3}","{""adamic_adar"": 0.1, ""copurchase"": 0.5, ""metadata"": 0.0, ""product2vec"": 0.4}","{""Κατηγορίες προϊόντων"": 0.35, ""Μάρκες"": 0.2, ""Προϊόν Ήρωας"": 0.15, ""Προϊόν Ηλικία"": 0.25, ""Προϊόν Φύλλο"": 0.05}",10
10.0,76.0,0.034210526315789476,0.34210526315789475,0.34210526315789475,0.22141812865497074,19.273397719839384,0.11090264748801335,heterogeneous_weight_candidate,0.5,0.5,0.0,0.0,42,2019-04-15 09:32:57,2024-07-13 13:56:34,2024-07-14 04:52:44,2025-08-21 06:48:08,wc-cancelled | wc-completed | wc-failed | wc-pending | wc-pickup | wc-ready-pickup | wc-refunded,cosine,1,6.0,"{""epochs"": 2, ""learning_rate"": 0.05, ""n_components"": 48, ""negative_samples"": 2, ""p"": 1.0, ""q"": 1.0, ""random_state"": 42, ""walk_length"": 8, ""walks_per_node"": 2, ""window_size"": 3}","{""adamic_adar"": 0.0, ""copurchase"": 0.5, ""metadata"": 0.0, ""product2vec"": 0.5}","{""Κατηγορίες προϊόντων"": 0.35, ""Μάρκες"": 0.2, ""Προϊόν Ήρωας"": 0.15, ""Προϊόν Ηλικία"": 0.25, ""Προϊόν Φύλλο"": 0.05}",10
