model,order_id,seed_sku,target_sku,held_out_basket_size,target_train_orders,popularity_segment,target_rank,hit_at_k,reciprocal_rank_at_k,target_in_candidates,target_in_retrieved_pool,retrieved_candidate_count,top_prediction,top_k_skus
fixed_40_10_10_40,52243,29.0376-ERROR,ΙΤ17253,2,1,rare,0,0,0.0,0,0,1269,29.0376a,29.0376a | IT06102 | FBM80 | LEG203667 | 29.0373 | 23-23138-L | 23-23138-S | 23-23138-F | DLK58 | Oo49109
fixed_40_10_10_40,52257,IT005071,FVF42,2,1,rare,0,0,0.0,0,0,1264,IT90789,IT90789 | 16-03459 | MAP861311 | 176-09518 | AV60787 | 176-06207 | MS0502bw-06 | NMZ0502vz-01U | 243-30074 | 0621466
fixed_40_10_10_40,52260,IT16951,IT16952,2,46,popular,1,1,1.0,1,1,1309,IT16952,IT16952 | IT11214 | EN087229 | IT8905 | 237.617073 | IT9003 | IT09430 | IT11207 | IT91164 | IT6105
fixed_40_10_10_40,52276,0562690,4M0138,2,1,rare,0,0,0.0,0,0,1310,0562564,0562564 | EN69751 | 0500944 | 0562563 | 0562689 | 0562688 | 0562692 | 0562745 | 0562743 | 0482625
fixed_40_10_10_40,52280,4-05461-03,4-05461-01,2,3,medium,3,1,0.3333333333333333,1,1,1295,4-05461-10,4-05461-10 | 4-05461-04 | 4-05461-01 | 4-05461-06 | 4-05461-09 | SAL7999 | SUS1303 | ΜΕΤ81603 | 347-88031 | 347-76074
fixed_40_10_10_40,52308,IT19764,MS0502bw-06,3,4,medium,238,0,0.0,0,1,1265,IT9423,IT9423 | G40892 | IT90789 | lr10320 | HMB69 | lr10620 | HLW78 | HLW81 | HLW80 | HLW76
fixed_40_10_10_40,52310,FXC66,HGB91,2,1,rare,48,0,0.0,1,1,1311,CHG19,CHG19 | 448.1.588294 | DT83320 | IT97637 | 29.4488-BU | 29.4488-RE | 29.4488-YE | DT30941 | GMF06 | DFP20
fixed_40_10_10_40,52316,KON169490,KON949061,2,3,medium,7,1,0.14285714285714285,1,1,1232,KON165423,KON165423 | KON948767 | KON949801 | KON843864 | KON942468 | KON746837tn | KON949061 | KON746837mm | KON949658 | KON740958
fixed_40_10_10_40,52325,IT16952,ΚΑ112783,2,1,rare,0,0,0.0,0,0,1303,IT16951,IT16951 | IT11214 | IT8905 | 237.617073 | 29.2129MI | IT09430 | IT91164 | IT11207 | IT6105 | DTDTS-3117
fixed_40_10_10_40,52333,18/51072-DAKAR,18/51072-SX,2,19,popular,1,1,1.0,1,1,1142,18/51072-SX,18/51072-SX | 29.802-12M | 18/36100 | 18/26028 | 18/22126 | 18/32086 | 18/22124 | 18/32102-BU | 18/43100 | 18/25097
fixed_40_10_10_40,52340,DTTY37241,43574,2,6,medium,799,0,0.0,0,1,1300,DTTY37198,DTTY37198 | DTTY42331 | DTTY35110 | DTTY37236 | DTTY36854 | DTTY41206 | DTTY41203 | DTTY42269 | DTTY36208 | DTTY36283
fixed_40_10_10_40,52378,448.1.589256,IT90147,3,65,popular,3,1,0.3333333333333333,1,1,1317,448.1.588294,448.1.588294 | 448.1.589215 | IT90147 | 29.2129MI | 18/31801 | 29.3699-8RC | 29.2169RC-GN | HD-8913-BU | 4-05514 | 29.7215K
fixed_40_10_10_40,52383,448.1.588294,448.1.589256,2,29,popular,1,1,1.0,1,1,1322,448.1.589256,448.1.589256 | DT83320 | FXC66 | 448.1.589215 | GGM05 | 6054918 | 4-05760-OR | SX.20.180.0003 | K5904 | EN017326
fixed_40_10_10_40,52400,IT8905,520129,2,2,rare,110,0,0.0,0,1,1265,29.628-89,29.628-89 | TB120471 | 819-98831 | 4-05774 | DT5708ES | 4-05121 | lr10436 | 4-05918 | GVG37 | 29.008-975
fixed_40_10_10_40,52405,G36929,50-20210,2,3,medium,60,0,0.0,1,1,1344,29.7917TSC,29.7917TSC | 29.1188-51FR | 29.6802G | 29.4488-YE | GCT95 | 4-05020 | 29.1188-52FR | 29.4488-BU | 29.4488-RE | 29.998-49
fixed_40_10_10_40,52410,HGX01,HJR70,2,1,rare,66,0,0.0,1,1,1286,HNL54,HNL54 | 29.4488-YE | FBP42 | DYY41 | DRH43 | FVT24 | FPV17 | FXK48 | DKK08 | DKK07
fixed_40_10_10_40,52424,IT16952,IT16951,2,138,popular,1,1,1.0,1,1,1303,IT16951,IT16951 | IT11214 | IT8905 | 237.617073 | 29.2129MI | IT09430 | IT91164 | IT11207 | IT6105 | DTDTS-3117
fixed_40_10_10_40,52429,4-05113,GWT24,2,1,rare,0,0,0.0,0,0,1318,ΜΕΤ81874,ΜΕΤ81874 | DTPEP-3411-FO | 29.88612 | 4-04322 | BW52190 | 4-05112 | 11-52126R | 11-50952 | 35/798 | 4-05020
fixed_40_10_10_40,52434,IT14104,IT9002,2,10,medium,0,0,0.0,0,0,1300,IT14185,IT14185 | 231.009111 | 1023-62690 | 231.009104 | IT6160 | 108554201 | 108155536 | FK54813C | DTJH27596 | MAP845720
fixed_40_10_10_40,52450,570-92231-02,779-90246,2,1,rare,11,0,0.0,1,1,1261,339-54141,339-54141 | 570-92231-01 | 553-31238 | 553-64238 | 570-49245-W | 571-50204 | 346-96031 | 346-92031 | 346-93031 | 557-25235
fixed_40_10_10_40,52457,MAP852001,IT16951,3,138,popular,0,0,0.0,0,0,1300,MAP851730,MAP851730 | 820-92772 | MAP851722 | 231.310897 | 108215680 | 43574 | 108215679 | 29.999-105 | MAP511710 | 341-58581
fixed_40_10_10_40,52496,BXS-IC-B-S3,EGB56703,3,2,rare,236,0,0.0,0,1,1273,BXC-V7L,BXC-V7L | BL-G2-XS-7L | BL-FR7-60 | BPGP-10R-ML | BPGP-10R-FL | SW-PTF-F6 | 20/96040 | EK1071 | 230.572558 | EK232-02
fixed_40_10_10_40,52513,IT8905,ΜΕΤ82092,4,2,rare,0,0,0.0,0,0,1265,29.628-89,29.628-89 | TB120471 | 819-98831 | 4-05774 | DT5708ES | 4-05121 | lr10436 | 4-05918 | GVG37 | 29.008-975
fixed_40_10_10_40,52515,820-62607,54886,2,5,medium,5,1,0.2,1,1,1075,EN69743,EN69743 | 820-72415 | 36/40081 | lr10435 | 54886 | 0621966 | SUS2347 | SUS2348 | 4-05121 | 29.628-89
fixed_40_10_10_40,52517,820-62607,54886,2,5,medium,5,1,0.2,1,1,1075,EN69743,EN69743 | 820-72415 | 36/40081 | lr10435 | 54886 | 0621966 | SUS2347 | SUS2348 | 4-05121 | 29.628-89
fixed_40_10_10_40,52518,IT16951,MAP907039,2,2,rare,0,0,0.0,0,0,1309,IT16952,IT16952 | IT11214 | EN087229 | IT8905 | 237.617073 | IT9003 | IT09430 | IT11207 | IT91164 | IT6105
fixed_40_10_10_40,52536,IT16951,IT8905,2,18,popular,4,1,0.25,1,1,1309,IT16952,IT16952 | IT11214 | EN087229 | IT8905 | 237.617073 | IT9003 | IT09430 | IT11207 | IT91164 | IT6105
fixed_40_10_10_40,52537,IT16951,IT16952,2,46,popular,1,1,1.0,1,1,1309,IT16952,IT16952 | IT11214 | EN087229 | IT8905 | 237.617073 | IT9003 | IT09430 | IT11207 | IT91164 | IT6105
fixed_40_10_10_40,52548,ΜΕΤ81837,ΒΑΣΙΛ/Μ003,2,1,rare,71,0,0.0,1,1,1298,ΕΔ709001,ΕΔ709001 | 9786180144352 | ΜΕΤ83171 | ΠΑ12.600 | SUS2316 | HKI-9295-RE | 9789605935382 | CL20025 | 176-08116 | 9789605935849
fixed_40_10_10_40,52552,IT16952,IT16951,2,138,popular,1,1,1.0,1,1,1303,IT16951,IT16951 | IT11214 | IT8905 | 237.617073 | 29.2129MI | IT09430 | IT91164 | IT11207 | IT6105 | DTDTS-3117
fixed_40_10_10_40,52555,POL1839,ΜΕΤ82301,2,2,rare,0,0,0.0,0,0,1247,ΜΙΝ14230,ΜΙΝ14230 | 23-1907B | FHP66 | FHP61 | SUS2117 | 0621802 | SUS2116 | SUS2112 | 176-08179 | POL14298
fixed_40_10_10_40,52562,IT16952,IT16951,2,138,popular,1,1,1.0,1,1,1303,IT16951,IT16951 | IT11214 | IT8905 | 237.617073 | 29.2129MI | IT09430 | IT91164 | IT11207 | IT6105 | DTDTS-3117
fixed_40_10_10_40,52565,IT16951,IT16952,2,46,popular,1,1,1.0,1,1,1309,IT16952,IT16952 | IT11214 | EN087229 | IT8905 | 237.617073 | IT9003 | IT09430 | IT11207 | IT91164 | IT6105
fixed_40_10_10_40,52584,819-88840,43574,2,6,medium,0,0,0.0,0,0,1287,50311,50311 | 331-49031 | HLW71 | FK52431 | FK44376 | FK55970 | LEG203120 | DT-4568-T | 819-03990 | 1867-25078
fixed_40_10_10_40,52586,IT16951,IT16952,2,46,popular,1,1,1.0,1,1,1309,IT16952,IT16952 | IT11214 | EN087229 | IT8905 | 237.617073 | IT9003 | IT09430 | IT11207 | IT91164 | IT6105
fixed_40_10_10_40,52610,HBP41,GRP99,2,2,rare,91,0,0.0,1,1,1286,CHP85,CHP85 | FWT15 | GKD45 | BJL04 | GHL93 | FTN22 | DCH13 | FJD08 | DPK28 | MAP870703
fixed_40_10_10_40,52624,819-66880,DTJH27596,2,13,popular,165,0,0.0,0,1,1264,B5517,B5517 | 819-12946 | 819-34180 | 819-34150 | EN69734 | SUS1924 | 43574 | B4453 | 819-12590 | 819-06520
fixed_40_10_10_40,52634,DRH43,FPP82,2,3,medium,18,0,0.0,1,1,1244,BFH80,BFH80 | CDC22 | BLT37 | DYY41 | FBP42 | FVT24 | FXK48 | FPV17 | HGX01 | GMM41
fixed_40_10_10_40,52714,108517011,108517010,4,2,rare,1,1,1.0,1,1,1270,108517010,108517010 | 108215680 | 108182714 | 108120701 | 108187120 | 43574 | EK7070 | EGB56703 | BIC018 | 771-81391
fixed_40_10_10_40,52725,KON949658,KON949061,3,3,medium,5,1,0.2,1,1,1234,KON949801,KON949801 | KON942468 | UGD010069 | KON843864 | KON949061 | KON746837tn | KON746837mm | KON740958 | KON747032 | KON169490
fixed_40_10_10_40,52735,IT9002,IT9003,2,12,popular,1,1,1.0,1,1,1284,IT9003,IT9003 | lr08917 | 416/89003 | 243-40009 | HGB91 | IT8997 | IT8995 | ι18000 | 29.5867 | 29.2012-11
fixed_40_10_10_40,52740,G05426,16-03459,2,1,rare,63,0,0.0,1,1,1354,HJR70,HJR70 | HRB61 | 4-06018-BU | 4-06018-RE | GMT90 | PM70899 | HDX61 | GFV21 | DT30941 | 29.999-105
fixed_40_10_10_40,52746,MAP741817,EPF507-PI,3,1,rare,83,0,0.0,1,1,1284,ΚΟΡ20800,ΚΟΡ20800 | 128641041 | 0114439 | MAP844820 | MAP847010 | MAP832812 | MAP846710 | MAP845720 | MAP846715 | MAP844612
fixed_40_10_10_40,52748,IT16952,IT16951,2,138,popular,1,1,1.0,1,1,1303,IT16951,IT16951 | IT11214 | IT8905 | 237.617073 | 29.2129MI | IT09430 | IT91164 | IT11207 | IT6105 | DTDTS-3117
fixed_40_10_10_40,52778,IT16951,IT16952,2,46,popular,1,1,1.0,1,1,1309,IT16952,IT16952 | IT11214 | EN087229 | IT8905 | 237.617073 | IT9003 | IT09430 | IT11207 | IT91164 | IT6105
fixed_40_10_10_40,52790,CBL16,BLT33,2,10,medium,27,0,0.0,1,1,1292,FGG90,FGG90 | CGR95 | GPB30 | DRC00 | 23-23138-F | AV60767 | 50-855-75 | GXC64 | WT25520 | GFX87
fixed_40_10_10_40,52827,EN093013,4WD05-RED,2,1,rare,0,0,0.0,0,0,1276,EN093012,EN093012 | EN088996 | EN088997 | EN090977 | KON844205-d | EN088995 | PAN-12840 | W2087 | KON843376-d | KON842669
fixed_40_10_10_40,52833,Μ1-0-008,IT14104,2,2,rare,18,0,0.0,1,1,1284,334-35416,334-35416 | DT936837 | FO60702 | 231.39447 | 231.941688 | 0506007 | DT6674 | 341-41413 | 0562533 | 337-70413
fixed_40_10_10_40,52844,UGD010259,UGD010260,3,2,rare,2,1,0.5,1,1,1226,UGD010258,UGD010258 | UGD010260 | UGD010256 | UGD010253 | UGD010250 | UGD010255 | UGD010249 | UGD010251 | UGD010584 | UGD010894
fixed_40_10_10_40,52849,UGD010249,KON949061,2,3,medium,4,1,0.25,1,1,1194,UGD010250,UGD010250 | UGD010069 | UGD010255 | KON949061 | UGD010258 | UGD010256 | UGD010259 | UGD010253 | UGD010260 | UGD010251
fixed_40_10_10_40,52854,GRG62,GFV21,2,2,rare,60,0,0.0,1,1,1298,GJP59,GJP59 | GRG73 | HJR81 | HJR70 | GXX19 | GPB30 | GJP71 | GJN69 | LEG201992 | FCV70
fixed_40_10_10_40,52915,UGD010001,UGD010249,2,1,rare,12,0,0.0,1,1,1292,UGD010819,UGD010819 | UGD010793 | UGD011094 | UGD010069 | UGD010070 | UGD010805 | UGD010255 | UGD010894 | UGD010256 | UGD010258
fixed_40_10_10_40,52944,9786180138566,ΜΕΤ82270,2,1,rare,307,0,0.0,0,1,1230,ΜΙΝ14231,ΜΙΝ14231 | ΜΙΝ32024 | ΜΕΤ82803 | ΜΕΤ81240 | ΜΙΝ14234 | 9789605935160 | ΜΕΤ80849 | 9789604536061 | 9786180120189 | 9786180120172
fixed_40_10_10_40,52946,DTPMI3647,DT89374Y,2,1,rare,2,1,0.5,1,1,1286,MCF10727-2,MCF10727-2 | DT89374Y | 819-67410 | DT70440121 | DTFNT0072 | 1023-63021 | EN69751 | MCF10721-0 | MCF10723-4 | MCF10616-9
fixed_40_10_10_40,52948,KON949658,KON165423,2,1,rare,53,0,0.0,1,1,1234,KON949801,KON949801 | KON942468 | UGD010069 | KON843864 | KON949061 | KON746837tn | KON746837mm | KON740958 | KON747032 | KON169490
fixed_40_10_10_40,52973,KON165423,KON161753,2,1,rare,33,0,0.0,1,1,1216,KON169490,KON169490 | KON948767 | KON949801 | KON945940 | KON742631 | KON946558 | KON848098 | ΚΟΝ543153 | KON644676 | KON943663
fixed_40_10_10_40,52979,0621465,GXC95,2,1,rare,0,0,0.0,0,0,1303,EN062071,EN062071 | 176-08553 | 176-01680 | SX.20.290.0138 | 819-07311 | Z163221 | 140-302212 | 176-08497 | 05-21436 | ΚΑ113899
fixed_40_10_10_40,52986,HLW71,HPG69,5,1,rare,7,1,0.14285714285714285,1,1,1304,HLW76,HLW76 | HLW78 | HLW80 | HLW81 | HLW73 | HLW70 | HPG69 | HMB69 | DT-4568-T | HLW00-lampada
fixed_40_10_10_40,53014,IT16951,IT16952,2,46,popular,1,1,1.0,1,1,1309,IT16952,IT16952 | IT11214 | EN087229 | IT8905 | 237.617073 | IT9003 | IT09430 | IT11207 | IT91164 | IT6105
fixed_40_10_10_40,53069,771-15727,771-81391,2,1,rare,7,1,0.14285714285714285,1,1,1203,1090-08081,1090-08081 | 0562870 | 771-80627 | 777-51427 | 772-16527 | DT-4568-T | 771-81391 | 1090-08082 | 340-72413 | 571-46265
fixed_40_10_10_40,53073,IT16951,IT16952,2,46,popular,1,1,1.0,1,1,1309,IT16952,IT16952 | IT11214 | EN087229 | IT8905 | 237.617073 | IT9003 | IT09430 | IT11207 | IT91164 | IT6105
fixed_40_10_10_40,53082,819-04230,819-94840,2,2,rare,1,1,1.0,1,1,1306,819-94840,819-94840 | 819-95270 | 819-94850 | 819-25490 | 819-99590 | 819-63670 | 819-03510 | 819-63670-lampada | 819-28530 | EN69751
fixed_40_10_10_40,53117,21302XS-BU,21095,2,2,rare,37,0,0.0,1,1,990,21300L-PI,21300L-PI | 422104 | 21302XS-BUW | 21302XS-PI | 21302XS-BK | 21302XS-GN | 21302XS-PIW | 21302XS-OR | 21302XS-PG | 21302XS-BW
fixed_40_10_10_40,53119,6061,DTTT18424A,3,2,rare,9,1,0.1111111111111111,1,1,1256,0621617,0621617 | 4-04920 | IT11214 | RX1800-20 | 29.288-5 | 29.7215K | IT11227 | HD-8913-BU | DTTT18424A | IT00007466
fixed_40_10_10_40,53127,Oo49109,75676,3,3,medium,744,0,0.0,0,1,1306,Oo49110,Oo49110 | MS0502ry | Oo49112 | 29.0376a | Oo49107 | Oo49113 | DLK58 | 29.0376-ERROR | TB120392 | 29.2981-82
fixed_40_10_10_40,53149,341-41413,0621966,2,4,medium,399,0,0.0,0,1,1235,337-70413,337-70413 | 340-72413 | 341-43413 | 346-01413 | 341-58581 | 0562533 | Μ1-0-008 | 557-25235 | 346-02416 | 0562081
fixed_40_10_10_40,53191,MAP834013,MAP936010,2,2,rare,238,0,0.0,0,1,1323,MAP862812,MAP862812 | MAP846020 | MAP846222 | MAP845720 | MAP861311 | 12309710 | POL14298 | MAP832812 | KON843376-d | MAP851722
fixed_40_10_10_40,53209,N3242,IT16951,2,138,popular,0,0,0.0,0,0,1303,54886,54886 | DTTT21527A | DTTT21528A | DTJH26108 | FWV08 | GMD08 | GMD06 | 18/32083 | DCH13 | L67936
fixed_40_10_10_40,53267,ΜΕΤ83171,ΜΕΤ82541,2,2,rare,30,0,0.0,1,1,1268,9789605935849,9789605935849 | ΜΕΤ81837 | 9789605935382 | ΜΙΝ11188 | ΜΕΤ82327 | ΜΕΤ83170 | ΜΕΤ81351 | ΜΙΝ14231 | 0621489 | ΜΕΤ82942
fixed_40_10_10_40,53274,lr11777,16/85109,2,2,rare,35,0,0.0,1,1,1273,IT93504,IT93504 | GJF68 | lr10944 | GTF89 | HGB91 | 176-09823 | EN69743 | 176-06202 | lr10525 | 0622048
logistic_ranker,52243,29.0376-ERROR,ΙΤ17253,2,1,rare,0,0,0.0,0,0,1269,DT760018963,DT760018963 | S616400 | FTC66 | FXC66 | FGJ11 | GFX87 | W4472 | 1000-14504 | DKK08 | ΜΙΝ04118
logistic_ranker,52257,IT005071,FVF42,2,1,rare,0,0,0.0,0,0,1264,DT760018963,DT760018963 | MS0503LyPM-07 | 4-05967 | EN081819 | MAP861311 | DTDCL-9350-2 | ΜΙΝ04118 | HKI-9366-RE | GNY95 | 39848-PB
logistic_ranker,52260,IT16951,IT16952,2,46,popular,13,0,0.0,1,1,1309,DT760018963,DT760018963 | ΙΤ17253 | 176-09057 | IT9204 | 262-3002 | GNY95 | UGD010596 | MS0503LyPM-07 | MS0301Ryabinka | 0562691
logistic_ranker,52276,0562690,4M0138,2,1,rare,0,0,0.0,0,0,1310,EN093013,EN093013 | EN093012 | LT-006 | IT16951 | IT90147 | 183-82107 | UGD010586 | 338-26031 | 348-17220 | SUS2316
logistic_ranker,52280,4-05461-03,4-05461-01,2,3,medium,786,0,0.0,0,1,1295,DT760018963,DT760018963 | MAP861311 | 348-17220 | 343-02144 | IT14185 | 585182-MV | 0584711-GN | 0570926 | 333-05141 | NC5503
logistic_ranker,52308,IT19764,MS0502bw-06,3,4,medium,242,0,0.0,0,1,1265,LT-006,LT-006 | NQD4WD06-RED | IT16951 | IT90147 | GYJ04 | DT10757 | UGD010069 | GJK40 | HKI-9295-BU | EN081819
logistic_ranker,52310,FXC66,HGB91,2,1,rare,446,0,0.0,0,1,1311,DT760018963,DT760018963 | NQD4WD06-RED | FTC66 | UGD010596 | DKK08 | GNY95 | MS1350 | IT6342 | FGJ40 | HJR70
logistic_ranker,52316,KON169490,KON949061,2,3,medium,490,0,0.0,0,1,1232,LT-006,LT-006 | UGD010596 | KON949801 | GHP85 | KON948767 | UGD010586 | 0021780 | EN093012 | EN093013 | UGD010069
logistic_ranker,52325,IT16952,ΚΑ112783,2,1,rare,0,0,0.0,0,0,1303,DT760018963,DT760018963 | ΙΤ17253 | IT16951 | 176-09057 | GNY95 | IT9204 | UGD010596 | 262-3002 | MS0301Ryabinka | MS0503LyPM-07
logistic_ranker,52333,18/51072-DAKAR,18/51072-SX,2,19,popular,24,0,0.0,1,1,1142,GNY95,GNY95 | LT-006 | IT16951 | 16/81205 | DT10757 | 54886 | 0021780 | NQD4WD06-RED | GNY99 | HLH63
logistic_ranker,52340,DTTY37241,43574,2,6,medium,880,0,0.0,0,1,1300,5174-L,5174-L | 760018651-C | DT760018963 | 5174-P | IT9423 | 4-05967 | ΒΚΜ13918 | 4-06018-BU | 4-05966-GY | 5174-D
logistic_ranker,52378,448.1.589256,IT90147,3,65,popular,1,1,1.0,1,1,1317,IT90147,IT90147 | GNY95 | 0584711-GN | 348-17220 | IT14185 | 343-02144 | 334-80031 | 571-59204 | 54886 | 0584711-BU
logistic_ranker,52383,448.1.588294,448.1.589256,2,29,popular,50,0,0.0,1,1,1322,GNY95,GNY95 | 348-17220 | IT14185 | 343-02144 | GNY99 | 571-59204 | 54886 | MAP861311 | 334-80031 | IT14104
logistic_ranker,52400,IT8905,520129,2,2,rare,214,0,0.0,0,1,1265,DT760018963,DT760018963 | GNY95 | 176-09057 | EN070857 | IT9204 | NQD4WD06-RED | MS0301Ryabinka | ΙΤ17253 | UGD010596 | MS0502bw-06
logistic_ranker,52405,G36929,50-20210,2,3,medium,14,0,0.0,1,1,1344,lr05313,lr05313 | 4-05608 | MAP861311 | lr08951 | 0570926 | ΒΚΜ13918 | 292-87509 | 348-17220 | lr5315 | 819-94840
logistic_ranker,52410,HGX01,HJR70,2,1,rare,18,0,0.0,1,1,1286,DT760018963,DT760018963 | S616400 | FXC66 | GRF09 | 760018651-M | 760018651-C | FGJ11 | GFX87 | GNY95 | W4472
logistic_ranker,52424,IT16952,IT16951,2,138,popular,3,1,0.3333333333333333,1,1,1303,DT760018963,DT760018963 | ΙΤ17253 | IT16951 | 176-09057 | GNY95 | IT9204 | UGD010596 | 262-3002 | MS0301Ryabinka | MS0503LyPM-07
logistic_ranker,52429,4-05113,GWT24,2,1,rare,0,0,0.0,0,0,1318,IT16951,IT16951 | EN088996 | GNY95 | 4-04148 | DT10757 | UGD010596 | 10390010013 | 10390150003 | 0584711-GN | UGD010586
logistic_ranker,52434,IT14104,IT9002,2,10,medium,0,0,0.0,0,0,1300,348-17220,348-17220 | 343-02144 | GHP85 | 571-59204 | KON949801 | 0021780 | GNY95 | MAP851730 | MAP015802 | 335-69054
logistic_ranker,52450,570-92231-02,779-90246,2,1,rare,1034,0,0.0,0,1,1261,0021780,0021780 | MAP861311 | 343-02144 | 776-77238 | 0570926 | 333-05141 | IT14185 | NC5503 | 335-69054 | 344-21073
logistic_ranker,52457,MAP852001,IT16951,3,138,popular,0,0,0.0,0,0,1300,0021780,0021780 | MAP861311 | 348-17220 | 333-26141 | 333-26031 | GHP85 | 343-02144 | 333-26074 | 571-59204 | 0500991
logistic_ranker,52496,BXS-IC-B-S3,EGB56703,3,2,rare,112,0,0.0,0,1,1273,DT760018963,DT760018963 | GHP85 | 357-06031 | 0570926 | KON161753 | 0570895 | 0585085 | 334-80100 | 334-91031 | 339-39031
logistic_ranker,52513,IT8905,ΜΕΤ82092,4,2,rare,0,0,0.0,0,0,1265,DT760018963,DT760018963 | GNY95 | 176-09057 | EN070857 | IT9204 | NQD4WD06-RED | MS0301Ryabinka | ΙΤ17253 | UGD010596 | MS0502bw-06
logistic_ranker,52515,820-62607,54886,2,5,medium,121,0,0.0,0,1,1075,IT16951,IT16951 | LT-006 | IT16952 | ΙΤ17253 | 262-3002 | DT10757 | UGD010069 | 0621966 | 820-27194 | 20106636
logistic_ranker,52517,820-62607,54886,2,5,medium,121,0,0.0,0,1,1075,IT16951,IT16951 | LT-006 | IT16952 | ΙΤ17253 | 262-3002 | DT10757 | UGD010069 | 0621966 | 820-27194 | 20106636
logistic_ranker,52518,IT16951,MAP907039,2,2,rare,0,0,0.0,0,0,1309,DT760018963,DT760018963 | ΙΤ17253 | 176-09057 | IT9204 | 262-3002 | GNY95 | UGD010596 | MS0503LyPM-07 | MS0301Ryabinka | 0562691
logistic_ranker,52536,IT16951,IT8905,2,18,popular,1027,0,0.0,0,1,1309,DT760018963,DT760018963 | ΙΤ17253 | 176-09057 | IT9204 | 262-3002 | GNY95 | UGD010596 | MS0503LyPM-07 | MS0301Ryabinka | 0562691
logistic_ranker,52537,IT16951,IT16952,2,46,popular,13,0,0.0,1,1,1309,DT760018963,DT760018963 | ΙΤ17253 | 176-09057 | IT9204 | 262-3002 | GNY95 | UGD010596 | MS0503LyPM-07 | MS0301Ryabinka | 0562691
logistic_ranker,52548,ΜΕΤ81837,ΒΑΣΙΛ/Μ003,2,1,rare,987,0,0.0,0,1,1298,ΜΙΝ04122,ΜΙΝ04122 | DT10757 | ΜΕΤ81862 | 333-26141 | LT-006 | 0584730 | 329202 | ΒΚΜ13918 | 333-26031 | ΚΑΠΛΑ/Μ001
logistic_ranker,52552,IT16952,IT16951,2,138,popular,3,1,0.3333333333333333,1,1,1303,DT760018963,DT760018963 | ΙΤ17253 | IT16951 | 176-09057 | GNY95 | IT9204 | UGD010596 | 262-3002 | MS0301Ryabinka | MS0503LyPM-07
logistic_ranker,52555,POL1839,ΜΕΤ82301,2,2,rare,0,0,0.0,0,0,1247,GHP85,GHP85 | DT10757 | UGD010596 | 760018651-C | 16/81205 | 760018651-M | UGD010586 | 23-1907B | MAP851730 | 262-3002
logistic_ranker,52562,IT16952,IT16951,2,138,popular,3,1,0.3333333333333333,1,1,1303,DT760018963,DT760018963 | ΙΤ17253 | IT16951 | 176-09057 | GNY95 | IT9204 | UGD010596 | 262-3002 | MS0301Ryabinka | MS0503LyPM-07
logistic_ranker,52565,IT16951,IT16952,2,46,popular,13,0,0.0,1,1,1309,DT760018963,DT760018963 | ΙΤ17253 | 176-09057 | IT9204 | 262-3002 | GNY95 | UGD010596 | MS0503LyPM-07 | MS0301Ryabinka | 0562691
logistic_ranker,52584,819-88840,43574,2,6,medium,0,0,0.0,0,0,1287,DT89374Y,DT89374Y | JPA41290-5 | ΜΙΝ04122 | IT90147 | JPA41290-4 | AV60787 | 176-09660 | DT10757 | JPA41290-3 | SUS2316
logistic_ranker,52586,IT16951,IT16952,2,46,popular,13,0,0.0,1,1,1309,DT760018963,DT760018963 | ΙΤ17253 | 176-09057 | IT9204 | 262-3002 | GNY95 | UGD010596 | MS0503LyPM-07 | MS0301Ryabinka | 0562691
logistic_ranker,52610,HBP41,GRP99,2,2,rare,305,0,0.0,0,1,1286,DT760018963,DT760018963 | FTC66 | DKK08 | MS1350 | IT6342 | G05426 | UGD010596 | MS2461 | HRB61 | 16-03459
logistic_ranker,52624,819-66880,DTJH27596,2,13,popular,163,0,0.0,0,1,1264,lr05313,lr05313 | ΙΤ17253 | 262-3002 | lr10742 | UGD010596 | DT760018963 | 960781 | 820-27194 | lr5315 | 176-09057
logistic_ranker,52634,DRH43,FPP82,2,3,medium,715,0,0.0,0,1,1244,LT-006,LT-006 | DT10757 | IT90147 | DT760018963 | S616400 | NQD4WD06-RED | IT16952 | FXC66 | FGJ40 | FGJ11
logistic_ranker,52714,108517011,108517010,4,2,rare,970,0,0.0,0,1,1270,0562691,0562691 | 571-58204 | 0585085 | 334-91031 | 339-39031 | LT-006 | 333-26141 | 357-11141 | 335-70100 | 357-11031
logistic_ranker,52725,KON949658,KON949061,3,3,medium,514,0,0.0,0,1,1234,GHP85,GHP85 | NQD4WD06-RED | Z163221 | UGD010596 | KON161753 | EN088997 | UDG010591 | UGD010586 | EN088996 | MS0503LyPM-07
logistic_ranker,52735,IT9002,IT9003,2,12,popular,1221,0,0.0,0,1,1284,lr05313,lr05313 | 292-87509 | lr5315 | lr11274 | GNY95 | GHP85 | 292-87503 | 0021780 | UGD010596 | 960781
logistic_ranker,52740,G05426,16-03459,2,1,rare,29,0,0.0,1,1,1354,DT760018963,DT760018963 | S616400 | FGJ40 | GRF09 | FGJ11 | FTC66 | GFX87 | W4472 | 571-59204 | 1000-14504
logistic_ranker,52746,MAP741817,EPF507-PI,3,1,rare,745,0,0.0,0,1,1284,LT-006,LT-006 | MAP861311 | 334-80031 | 348-17220 | IT90147 | 357-11074 | 571-59204 | 0584979 | MAP851730 | IT16952
logistic_ranker,52748,IT16952,IT16951,2,138,popular,3,1,0.3333333333333333,1,1,1303,DT760018963,DT760018963 | ΙΤ17253 | IT16951 | 176-09057 | GNY95 | IT9204 | UGD010596 | 262-3002 | MS0301Ryabinka | MS0503LyPM-07
logistic_ranker,52778,IT16951,IT16952,2,46,popular,13,0,0.0,1,1,1309,DT760018963,DT760018963 | ΙΤ17253 | 176-09057 | IT9204 | 262-3002 | GNY95 | UGD010596 | MS0503LyPM-07 | MS0301Ryabinka | 0562691
logistic_ranker,52790,CBL16,BLT33,2,10,medium,902,0,0.0,0,1,1292,MAP861311,MAP861311 | 0562691 | DKK08 | S616400 | MS1350 | FRG83 | IT6342 | FPV17 | G05426 | MS2461
logistic_ranker,52827,EN093013,4WD05-RED,2,1,rare,0,0,0.0,0,0,1276,LT-006,LT-006 | GHP85 | KON161753 | KON949801 | KON948767 | SUS2316 | UGD010596 | ΒΚΜ13918 | UGD010586 | ΜΙΝ04122
logistic_ranker,52833,Μ1-0-008,IT14104,2,2,rare,95,0,0.0,1,1,1284,0021780,0021780 | 585182-MV | ΜΙΝ04122 | 343-02144 | 338-26031 | DT10757 | 357-11031 | DT6674 | MAP851730 | MAP015802
logistic_ranker,52844,UGD010259,UGD010260,3,2,rare,1077,0,0.0,0,1,1226,LT-006,LT-006 | GHP85 | EN093013 | KON161753 | KON949801 | EN088997 | KON949658 | KON948767 | EN088996 | KON165423
logistic_ranker,52849,UGD010249,KON949061,2,3,medium,27,0,0.0,1,1,1194,LT-006,LT-006 | GHP85 | IT16951 | 0021780 | IT90147 | UGD010069 | EN093013 | KON161753 | IT16952 | EN088997
logistic_ranker,52854,GRG62,GFV21,2,2,rare,487,0,0.0,0,1,1298,DT760018963,DT760018963 | FXC66 | FGJ40 | GRF09 | FTC66 | 4-06018-BU | 1000-14504 | FGJ11 | IT6342 | SUS2316
logistic_ranker,52915,UGD010001,UGD010249,2,1,rare,454,0,0.0,0,1,1292,GHP85,GHP85 | LT-006 | KON161753 | KON949801 | EN093013 | MAP861311 | KON165423 | KON169490 | EN088997 | ΜΙΝ04122
logistic_ranker,52944,9786180138566,ΜΕΤ82270,2,1,rare,861,0,0.0,0,1,1230,ΜΙΝ04118,ΜΙΝ04118 | ΒΚΜ13918 | ΜΙΝ04122 | SUS2316 | 262-3002 | EN79160 | ΜΙΝ61119 | 0584730 | DTDCL-9350-2 | SUS2155
logistic_ranker,52946,DTPMI3647,DT89374Y,2,1,rare,52,0,0.0,1,1,1286,DT10757,DT10757 | NQD4WD06-RED | MAP861311 | 176-09660 | AV60787 | KON165423 | WWEPDQ01 | 338-94141 | LEG204687 | EN55238
logistic_ranker,52948,KON949658,KON165423,2,1,rare,32,0,0.0,1,1,1234,GHP85,GHP85 | NQD4WD06-RED | Z163221 | UGD010596 | KON161753 | EN088997 | UDG010591 | UGD010586 | EN088996 | MS0503LyPM-07
logistic_ranker,52973,KON165423,KON161753,2,1,rare,13,0,0.0,1,1,1216,UGD010596,UGD010596 | GHP85 | UGD010586 | KON949801 | KON948767 | 0021780 | EN093012 | EN093013 | UGD010069 | LT-006
logistic_ranker,52979,0621465,GXC95,2,1,rare,0,0,0.0,0,0,1303,EN088997,EN088997 | EN088996 | ΒΚΜ13918 | MAP861311 | 100796 | 4-06018-BU | 293-583 | UGD010260 | 293-018 | UGD010584
logistic_ranker,52986,HLW71,HPG69,5,1,rare,854,0,0.0,0,1,1304,5174-L,5174-L | 39848-PB | GJK40 | GNY95 | 334-80054 | 572-51209 | HJT06 | HGR09 | HGR11 | FRP56
logistic_ranker,53014,IT16951,IT16952,2,46,popular,13,0,0.0,1,1,1309,DT760018963,DT760018963 | ΙΤ17253 | 176-09057 | IT9204 | 262-3002 | GNY95 | UGD010596 | MS0503LyPM-07 | MS0301Ryabinka | 0562691
logistic_ranker,53069,771-15727,771-81391,2,1,rare,1013,0,0.0,0,1,1203,EN088997,EN088997 | 348-17220 | EN088996 | 585182-BU | 338-94141 | EN093012 | EN093013 | 357-11031 | 0021780 | IT14185
logistic_ranker,53073,IT16951,IT16952,2,46,popular,13,0,0.0,1,1,1309,DT760018963,DT760018963 | ΙΤ17253 | 176-09057 | IT9204 | 262-3002 | GNY95 | UGD010596 | MS0503LyPM-07 | MS0301Ryabinka | 0562691
logistic_ranker,53082,819-04230,819-94840,2,2,rare,591,0,0.0,0,1,1306,4-05608,4-05608 | SUS2316 | 50-20210 | ΒΚΜ13918 | 349-15054 | IT09430 | ΜΙΝ04122 | 4-06018-BU | MAP861311 | 960781
logistic_ranker,53117,21302XS-BU,21095,2,2,rare,166,0,0.0,0,1,990,IT16952,IT16952 | GHP85 | 44/767 | 42-2721 | 54886 | BW32096 | 4-06015-GN | L67936 | BW62003 | 4-06018-RE
logistic_ranker,53119,6061,DTTT18424A,3,2,rare,291,0,0.0,0,1,1256,lr05313,lr05313 | IT9002 | GNY95 | 292-87509 | GHP85 | UGD010596 | 0562691 | 343-02144 | KON169490 | 960781
logistic_ranker,53127,Oo49109,75676,3,3,medium,99,0,0.0,1,1,1306,DT760018963,DT760018963 | FXC66 | FTC66 | FGJ40 | GRF09 | FGJ11 | 4-05608 | GFX87 | W4472 | IT6342
logistic_ranker,53149,341-41413,0621966,2,4,medium,33,0,0.0,1,1,1235,0570926,0570926 | 0021780 | 348-17220 | 338-94141 | 0563029 | 585182-PI | 585182-MV | 357-11141 | 357-11074 | 0561498
logistic_ranker,53191,MAP834013,MAP936010,2,2,rare,314,0,0.0,0,1,1323,NC5503,NC5503 | IT14185 | 357-06031 | DT760018963 | 0570926 | IT14104 | 0570895 | 0585085 | 0506017 | 0561498
logistic_ranker,53209,N3242,IT16951,2,138,popular,0,0,0.0,0,0,1303,NQD4WD06-RED,NQD4WD06-RED | GWX79 | 54886 | 0021780 | GNY95 | 348-17220 | SUS2316 | DT83320 | LT-006 | 014521
logistic_ranker,53267,ΜΕΤ83171,ΜΕΤ82541,2,2,rare,466,0,0.0,0,1,1268,SUS2316,SUS2316 | DT10757 | 333-26141 | LT-006 | SUS2258 | 333-26031 | 0584730 | 0621966 | ΜΕΤ81862 | ΚΑΠΛΑ/Μ001
logistic_ranker,53274,lr11777,16/85109,2,2,rare,984,0,0.0,0,1,1273,DT760018963,DT760018963 | ΜΙΝ04118 | UGD010596 | lr05313 | MAP861311 | GNY95 | ΒΚΜ13918 | ΜΙΝ04122 | MS0503LyPM-07 | KON943663
